Workbook
Name No: 1

Sheet Data
B1: PT PPST Manufacturing
B3: Facility detail
B4: Facility Length | D4: 30 | E4: Area | F4: %Utilized
B5: Facility Width | D5: 35 | E5: =D4*D5 -> 1050 | F5: =SUM(M12:M23)/E5 -> 0.69871467
B6: Number of Departments | D6: 12
B7: Number of Restricted Areas | D7: 0
H8: 0 = Existing | K8: 0 = Movable
B9: Department detail | H9: 1 = New | K9: 1 = Fixed
B10: No | C10: Department's Name | D10: Length | E10: Width | F10: Load/Unload Point | H10: New? | I10: Coordinate | K10: Fixed? | L10: Label | M10: Area | N10: Color | O10: Sequ-ence
F11: x-offset | G11: y-offset | I11: x-center | J11: y-center
B12: 1 | C12: Receiving | D12: 8.24 | E12: 8.24 | F12: 0 | G12: 0 | H12: 0 | I12: 4.12 | J12: 4.12 | K12: 1 | L12: R | M12: 67.8976 | N12: bisque
B13: 2 | C13: Gudang Bahan Baku Utana | D13: 7.71 | E13: 6.97 | F13: 0 | G13: 0 | H13: 1 | K13: 0 | L13: GBBU | M13: 53.7387 | N13: darkorange | O13: 1
B14: 3 | C14: Gudang Bahan Baku Pembantu | D14: 5.89 | E14: 10.12 | F14: 0 | G14: 0 | H14: 1 | K14: 0 | L14: GBBP | M14: 59.6068 | N14: forestgreen | O14: 2
B15: 4 | C15: Mesin Drilling | D15: 6.912 | E15: 6.22 | F15: 0 | G15: 0 | H15: 1 | K15: 0 | L15: DRL | M15: 42.99264 | N15: slategray | O15: 3
B16: 5 | C16: Mesin Injection Molding | D16: 6.687 | E16: 6.24 | F16: 0 | G16: 0 | H16: 1 | K16: 0 | L16: INJ | M16: 41.72688 | N16: gold | O16: 4
B17: 6 | C17: Mesin Milling | D17: 29.01 | E17: 6.5 | F17: 0 | G17: 0 | H17: 1 | K17: 0 | L17: MIL | M17: 188.565 | N17: turquoise | O17: 5
B18: 7 | C18: Mesin Turning | D18: 7.84 | E18: 6.492 | F18: 0 | G18: 0 | H18: 1 | K18: 0 | L18: TUR | M18: 50.89728 | N18: navy | O18: 6
B19: 8 | C19: Kerja Bangku | D19: 12.85 | E19: 6.2 | F19: 0 | G19: 0 | H19: 1 | K19: 0 | L19: KRJ | M19: 79.67 | N19: lavender | O19: 7
B20: 9 | C20: Bench Perakitan | D20: 7.15 | E20: 6.25 | F20: 0 | G20: 0 | H20: 1 | K20: 0 | L20: RKT | M20: 44.6875 | N20: coral | O20: 8
B21: 10 | C21: Bench Pengemasan | D21: 7.9 | E21: 6.17 | F21: 0 | G21: 0 | H21: 1 | K21: 0 | L21: PGM | M21: 48.743 | N21: mediumvioletred | O21: 9
B22: 11 | C22: Warehousing | D22: 5.25 | E22: 5.25 | F22: 0 | G22: 0 | H22: 1 | K22: 0 | L22: WRH | M22: 27.5625 | N22: khaki | O22: 10
B23: 12 | C23: Shipping | D23: 5.25 | E23: 5.25 | F23: 0 | G23: 0 | H23: 0 | I23: 10.865 | J23: 2.625 | K23: 1 | L23: SHP | M23: 27.5625 | N23: deepskyblue
B25: Restricted area detail
B26: No | C26: Restricted Area's Name | D26: Length | E26: Width | F26: Coordinate | H26: Label | I26: Area | J26: Color
F27: x-center | G27: y-center
B29: Flow Matrix
C30: To | D30: 1 | E30: 2 | F30: 3 | G30: 4 | H30: 5 | I30: 6 | J30: 7 | K30: 8 | L30: 9 | M30: 10 | N30: 11 | O30: 12
B31: From | C31: 1 | D31: 0 | E31: 1 | F31: 1 | G31: 0 | H31: 0 | I31: 0 | J31: 0 | K31: 0 | L31: 0 | M31: 0 | N31: 0 | O31: 0
C32: 2 | D32: 0 | E32: 0 | F32: 0 | G32: 0 | H32: 0 | I32: 0 | J32: 0 | K32: 2 | L32: 0 | M32: 0 | N32: 0 | O32: 0
C33: 3 | D33: 0 | E33: 0 | F33: 0 | G33: 0 | H33: 0 | I33: 0 | J33: 0 | K33: 5 | L33: 0 | M33: 0 | N33: 0 | O33: 0
C34: 4 | D34: 0 | E34: 0 | F34: 0 | G34: 0 | H34: 0 | I34: 0 | J34: 0 | K34: 1 | L34: 0 | M34: 0 | N34: 0 | O34: 0
C35: 5 | D35: 0 | E35: 0 | F35: 0 | G35: 0 | H35: 0 | I35: 1 | J35: 0 | K35: 1 | L35: 0 | M35: 0 | N35: 0 | O35: 0
C36: 6 | D36: 0 | E36: 0 | F36: 0 | G36: 0 | H36: 1 | I36: 0 | J36: 0 | K36: 2 | L36: 0 | M36: 0 | N36: 0 | O36: 0
C37: 7 | D37: 0 | E37: 0 | F37: 0 | G37: 0 | H37: 2 | I37: 1 | J37: 0 | K37: 1 | L37: 0 | M37: 0 | N37: 0 | O37: 0
C38: 8 | D38: 0 | E38: 0 | F38: 0 | G38: 1 | H38: 1 | I38: 1 | J38: 8 | K38: 0 | L38: 2 | M38: 0 | N38: 0 | O38: 0
C39: 9 | D39: 0 | E39: 0 | F39: 0 | G39: 0 | H39: 0 | I39: 0 | J39: 0 | K39: 0 | L39: 0 | M39: 3 | N39: 0 | O39: 0
C40: 10 | D40: 0 | E40: 0 | F40: 0 | G40: 0 | H40: 0 | I40: 0 | J40: 0 | K40: 0 | L40: 0 | M40: 0 | N40: 3 | O40: 0
C41: 11 | D41: 0 | E41: 0 | F41: 0 | G41: 0 | H41: 0 | I41: 0 | J41: 0 | K41: 0 | L41: 0 | M41: 0 | N41: 0 | O41: 1
C42: 12 | D42: 0 | E42: 0 | F42: 0 | G42: 0 | H42: 0 | I42: 0 | J42: 0 | K42: 0 | L42: 0 | M42: 0 | N42: 0 | O42: 0
B44: Cost Matrix
C45: To | D45: 1 | E45: 2 | F45: 3 | G45: 4 | H45: 5 | I45: 6 | J45: 7 | K45: 8 | L45: 9 | M45: 10 | N45: 11 | O45: 12
B46: From | C46: 1 | D46: 0 | E46: 12.163159 | F46: 12.163159 | G46: 0 | H46: 0 | I46: 0 | J46: 0 | K46: 0 | L46: 0 | M46: 0 | N46: 0 | O46: 0
C47: 2 | D47: 0 | E47: 0 | F47: 0 | G47: 0 | H47: 0 | I47: 0 | J47: 0 | K47: 0.015066115 | L47: 0 | M47: 0 | N47: 0 | O47: 0
C48: 3 | D48: 0 | E48: 0 | F48: 0 | G48: 0 | H48: 0 | I48: 0 | J48: 0 | K48: 0.015066115 | L48: 0 | M48: 0 | N48: 0 | O48: 0
C49: 4 | D49: 0 | E49: 0 | F49: 0 | G49: 0 | H49: 0 | I49: 0 | J49: 0 | K49: 0.015066115 | L49: 0 | M49: 0 | N49: 0 | O49: 0
C50: 5 | D50: 0 | E50: 0 | F50: 0 | G50: 0 | H50: 0 | I50: 0.015066115 | J50: 0 | K50: 0.015066115 | L50: 0 | M50: 0 | N50: 0 | O50: 0
C51: 6 | D51: 0 | E51: 0 | F51: 0 | G51: 0 | H51: 0.015066115 | I51: 0 | J51: 0 | K51: 0.015066115 | L51: 0 | M51: 0 | N51: 0 | O51: 0
C52: 7 | D52: 0 | E52: 0 | F52: 0 | G52: 0 | H52: 0.015066115 | I52: 0.015066115 | J52: 0 | K52: 0.015066115 | L52: 0 | M52: 0 | N52: 0 | O52: 0
C53: 8 | D53: 0 | E53: 0 | F53: 0 | G53: 0.015066115 | H53: 0.015066115 | I53: 0.015066115 | J53: 0.015066115 | K53: 0 | L53: 0.015066115 | M53: 0 | N53: 0 | O53: 0
C54: 9 | D54: 0 | E54: 0 | F54: 0 | G54: 0 | H54: 0 | I54: 0 | J54: 0 | K54: 0 | L54: 0 | M54: 0.015066115 | N54: 0 | O54: 0
C55: 10 | D55: 0 | E55: 0 | F55: 0 | G55: 0 | H55: 0 | I55: 0 | J55: 0 | K55: 0 | L55: 0 | M55: 0 | N55: 0.015066115 | O55: 0
C56: 11 | D56: 0 | E56: 0 | F56: 0 | G56: 0 | H56: 0 | I56: 0 | J56: 0 | K56: 0 | L56: 0 | M56: 0 | N56: 0 | O56: 12.163159
C57: 12 | D57: 0 | E57: 0 | F57: 0 | G57: 0 | H57: 0 | I57: 0 | J57: 0 | K57: 0 | L57: 0 | M57: 0 | N57: 0 | O57: 0

Sheet Result
C3: 1 | D3: 2 | E3: 3 | F3: 4 | G3: 5 | H3: 6 | I3: 7 | J3: 8 | K3: 9 | L3: 10 | M3: 11 | N3: 12
B4: x | C4: 4.12 | D4: 4.12 | E4: 11.185 | F4: 4.163 | G4: 4.2755 | H4: 17.38 | I4: 10.865 | J4: 23.73 | K4: 30.78 | L4: 30.78 | M4: 23.255 | N4: 10.865
B5: y | C5: 4.12 | D5: 11.725 | E5: 10.31 | F5: 18.32 | G5: 24.55 | H5: 15.495 | I5: 19.29 | J5: 18.32 | K5: 9.295 | L5: 3.085 | M5: 2.625 | N5: 2.625
B6: x_in | C6: 4.12 | D6: 4.12 | E6: 11.185 | F6: 4.163 | G6: 4.2755 | H6: 17.38 | I6: 10.865 | J6: 23.73 | K6: 30.78 | L6: 30.78 | M6: 23.255 | N6: 10.865
B7: y_in | C7: 4.12 | D7: 11.725 | E7: 10.31 | F7: 18.32 | G7: 24.55 | H7: 15.495 | I7: 19.29 | J7: 18.32 | K7: 9.295 | L7: 3.085 | M7: 2.625 | N7: 2.625
B8: H_bound | C8: 4.12 | D8: 3.855 | E8: 2.945 | F8: 3.456 | G8: 3.3435 | H8: 3.25 | I8: 3.246 | J8: 3.1 | K8: 3.575 | L8: 3.95 | M8: 2.625 | N8: 2.625
B9: V_bound | C9: 4.12 | D9: 3.485 | E9: 5.06 | F9: 3.11 | G9: 3.12 | H9: 14.505 | I9: 3.92 | J9: 6.425 | K9: 3.125 | L9: 3.085 | M9: 2.625 | N9: 2.625
C11: decision variable
A12: m | B12: Label | C12: x | D12: y | E12: x_in | F12: y_in | G12: H_bound | H12: V_bound
A13: 1 | B13: =Data!L12 -> R | C13: {=TRANSPOSE(C4:N9)} -> 4.12 | D13: 4.12 | E13: 4.12 | F13: 4.12 | G13: 4.12 | H13: 4.12
A14: 2 | B14: =Data!L13 -> GBBU | C14: 4.12 | D14: 11.725 | E14: 4.12 | F14: 11.725 | G14: 3.855 | H14: 3.485
A15: 3 | B15: =Data!L14 -> GBBP | C15: 11.185 | D15: 10.31 | E15: 11.185 | F15: 10.31 | G15: 2.945 | H15: 5.06
A16: 4 | B16: =Data!L15 -> DRL | C16: 4.163 | D16: 18.32 | E16: 4.163 | F16: 18.32 | G16: 3.456 | H16: 3.11
A17: 5 | B17: =Data!L16 -> INJ | C17: 4.2755 | D17: 24.55 | E17: 4.2755 | F17: 24.55 | G17: 3.3435 | H17: 3.12
A18: 6 | B18: =Data!L17 -> MIL | C18: 17.38 | D18: 15.495 | E18: 17.38 | F18: 15.495 | G18: 3.25 | H18: 14.505
A19: 7 | B19: =Data!L18 -> TUR | C19: 10.865 | D19: 19.29 | E19: 10.865 | F19: 19.29 | G19: 3.246 | H19: 3.92
A20: 8 | B20: =Data!L19 -> KRJ | C20: 23.73 | D20: 18.32 | E20: 23.73 | F20: 18.32 | G20: 3.1 | H20: 6.425
A21: 9 | B21: =Data!L20 -> RKT | C21: 30.78 | D21: 9.295 | E21: 30.78 | F21: 9.295 | G21: 3.575 | H21: 3.125
A22: 10 | B22: =Data!L21 -> PGM | C22: 30.78 | D22: 3.085 | E22: 30.78 | F22: 3.085 | G22: 3.95 | H22: 3.085
A23: 11 | B23: =Data!L22 -> WRH | C23: 23.255 | D23: 2.625 | E23: 23.255 | F23: 2.625 | G23: 2.625 | H23: 2.625
A24: 12 | B24: =Data!L23 -> SHP | C24: 10.865 | D24: 2.625 | E24: 10.865 | F24: 2.625 | G24: 2.625 | H24: 2.625
A27: dXmn | B27: n | C27: 1 | D27: 2 | E27: 3 | F27: 4 | G27: 5 | H27: 6 | I27: 7 | J27: 8 | K27: 9 | L27: 10 | M27: 11 | N27: 12
A28: m | B28: 1 | C28: =ABS(VLOOKUP($B28,$A$13:$AG$24,5,FALSE)-VLOOKUP(C$27,$A$13:$AG$24,5,FALSE)) -> 0 | D28: =ABS(VLOOKUP($B28,$A$13:$AG$24,5,FALSE)-VLOOKUP(D$27,$A$13:$AG$24,5,FALSE)) -> 0 | E28: =ABS(VLOOKUP($B28,$A$13:$AG$24,5,FALSE)-VLOOKUP(E$27,$A$13:$AG$24,5,FALSE)) -> 7.065 | F28: =ABS(VLOOKUP($B28,$A$13:$AG$24,5,FALSE)-VLOOKUP(F$27,$A$13:$AG$24,5,FALSE)) -> 0.043 | G28: =ABS(VLOOKUP($B28,$A$13:$AG$24,5,FALSE)-VLOOKUP(G$27,$A$13:$AG$24,5,FALSE)) -> 0.1555 | H28: =ABS(VLOOKUP($B28,$A$13:$AG$24,5,FALSE)-VLOOKUP(H$27,$A$13:$AG$24,5,FALSE)) -> 13.26 | I28: =ABS(VLOOKUP($B28,$A$13:$AG$24,5,FALSE)-VLOOKUP(I$27,$A$13:$AG$24,5,FALSE)) -> 6.745 | J28: =ABS(VLOOKUP($B28,$A$13:$AG$24,5,FALSE)-VLOOKUP(J$27,$A$13:$AG$24,5,FALSE)) -> 19.61 | ... N28: =ABS(VLOOKUP($B28,$A$13:$AG$24,5,FALSE)-VLOOKUP(N$27,$A$13:$AG$24,5,FALSE)) -> 6.745
B29: 2 | C29: =ABS(VLOOKUP($B29,$A$13:$AG$24,5,FALSE)-VLOOKUP(C$27,$A$13:$AG$24,5,FALSE)) -> 0 | D29: =ABS(VLOOKUP($B29,$A$13:$AG$24,5,FALSE)-VLOOKUP(D$27,$A$13:$AG$24,5,FALSE)) -> 0 | E29: =ABS(VLOOKUP($B29,$A$13:$AG$24,5,FALSE)-VLOOKUP(E$27,$A$13:$AG$24,5,FALSE)) -> 7.065 | F29: =ABS(VLOOKUP($B29,$A$13:$AG$24,5,FALSE)-VLOOKUP(F$27,$A$13:$AG$24,5,FALSE)) -> 0.043 | G29: =ABS(VLOOKUP($B29,$A$13:$AG$24,5,FALSE)-VLOOKUP(G$27,$A$13:$AG$24,5,FALSE)) -> 0.1555 | H29: =ABS(VLOOKUP($B29,$A$13:$AG$24,5,FALSE)-VLOOKUP(H$27,$A$13:$AG$24,5,FALSE)) -> 13.26 | I29: =ABS(VLOOKUP($B29,$A$13:$AG$24,5,FALSE)-VLOOKUP(I$27,$A$13:$AG$24,5,FALSE)) -> 6.745 | J29: =ABS(VLOOKUP($B29,$A$13:$AG$24,5,FALSE)-VLOOKUP(J$27,$A$13:$AG$24,5,FALSE)) -> 19.61 | ... N29: =ABS(VLOOKUP($B29,$A$13:$AG$24,5,FALSE)-VLOOKUP(N$27,$A$13:$AG$24,5,FALSE)) -> 6.745
B30: 3 | C30: =ABS(VLOOKUP($B30,$A$13:$AG$24,5,FALSE)-VLOOKUP(C$27,$A$13:$AG$24,5,FALSE)) -> 7.065 | D30: =ABS(VLOOKUP($B30,$A$13:$AG$24,5,FALSE)-VLOOKUP(D$27,$A$13:$AG$24,5,FALSE)) -> 7.065 | E30: =ABS(VLOOKUP($B30,$A$13:$AG$24,5,FALSE)-VLOOKUP(E$27,$A$13:$AG$24,5,FALSE)) -> 0 | F30: =ABS(VLOOKUP($B30,$A$13:$AG$24,5,FALSE)-VLOOKUP(F$27,$A$13:$AG$24,5,FALSE)) -> 7.022 | G30: =ABS(VLOOKUP($B30,$A$13:$AG$24,5,FALSE)-VLOOKUP(G$27,$A$13:$AG$24,5,FALSE)) -> 6.9095 | H30: =ABS(VLOOKUP($B30,$A$13:$AG$24,5,FALSE)-VLOOKUP(H$27,$A$13:$AG$24,5,FALSE)) -> 6.195 | I30: =ABS(VLOOKUP($B30,$A$13:$AG$24,5,FALSE)-VLOOKUP(I$27,$A$13:$AG$24,5,FALSE)) -> 0.32 | J30: =ABS(VLOOKUP($B30,$A$13:$AG$24,5,FALSE)-VLOOKUP(J$27,$A$13:$AG$24,5,FALSE)) -> 12.545 | ... N30: =ABS(VLOOKUP($B30,$A$13:$AG$24,5,FALSE)-VLOOKUP(N$27,$A$13:$AG$24,5,FALSE)) -> 0.32
B31: 4 | C31: =ABS(VLOOKUP($B31,$A$13:$AG$24,5,FALSE)-VLOOKUP(C$27,$A$13:$AG$24,5,FALSE)) -> 0.043 | D31: =ABS(VLOOKUP($B31,$A$13:$AG$24,5,FALSE)-VLOOKUP(D$27,$A$13:$AG$24,5,FALSE)) -> 0.043 | E31: =ABS(VLOOKUP($B31,$A$13:$AG$24,5,FALSE)-VLOOKUP(E$27,$A$13:$AG$24,5,FALSE)) -> 7.022 | F31: =ABS(VLOOKUP($B31,$A$13:$AG$24,5,FALSE)-VLOOKUP(F$27,$A$13:$AG$24,5,FALSE)) -> 0 | G31: =ABS(VLOOKUP($B31,$A$13:$AG$24,5,FALSE)-VLOOKUP(G$27,$A$13:$AG$24,5,FALSE)) -> 0.1125 | H31: =ABS(VLOOKUP($B31,$A$13:$AG$24,5,FALSE)-VLOOKUP(H$27,$A$13:$AG$24,5,FALSE)) -> 13.217 | I31: =ABS(VLOOKUP($B31,$A$13:$AG$24,5,FALSE)-VLOOKUP(I$27,$A$13:$AG$24,5,FALSE)) -> 6.702 | J31: =ABS(VLOOKUP($B31,$A$13:$AG$24,5,FALSE)-VLOOKUP(J$27,$A$13:$AG$24,5,FALSE)) -> 19.567 | ... N31: =ABS(VLOOKUP($B31,$A$13:$AG$24,5,FALSE)-VLOOKUP(N$27,$A$13:$AG$24,5,FALSE)) -> 6.702
B32: 5 | C32: =ABS(VLOOKUP($B32,$A$13:$AG$24,5,FALSE)-VLOOKUP(C$27,$A$13:$AG$24,5,FALSE)) -> 0.1555 | D32: =ABS(VLOOKUP($B32,$A$13:$AG$24,5,FALSE)-VLOOKUP(D$27,$A$13:$AG$24,5,FALSE)) -> 0.1555 | E32: =ABS(VLOOKUP($B32,$A$13:$AG$24,5,FALSE)-VLOOKUP(E$27,$A$13:$AG$24,5,FALSE)) -> 6.9095 | F32: =ABS(VLOOKUP($B32,$A$13:$AG$24,5,FALSE)-VLOOKUP(F$27,$A$13:$AG$24,5,FALSE)) -> 0.1125 | G32: =ABS(VLOOKUP($B32,$A$13:$AG$24,5,FALSE)-VLOOKUP(G$27,$A$13:$AG$24,5,FALSE)) -> 0 | H32: =ABS(VLOOKUP($B32,$A$13:$AG$24,5,FALSE)-VLOOKUP(H$27,$A$13:$AG$24,5,FALSE)) -> 13.1045 | I32: =ABS(VLOOKUP($B32,$A$13:$AG$24,5,FALSE)-VLOOKUP(I$27,$A$13:$AG$24,5,FALSE)) -> 6.5895 | J32: =ABS(VLOOKUP($B32,$A$13:$AG$24,5,FALSE)-VLOOKUP(J$27,$A$13:$AG$24,5,FALSE)) -> 19.4545 | ... N32: =ABS(VLOOKUP($B32,$A$13:$AG$24,5,FALSE)-VLOOKUP(N$27,$A$13:$AG$24,5,FALSE)) -> 6.5895
B33: 6 | C33: =ABS(VLOOKUP($B33,$A$13:$AG$24,5,FALSE)-VLOOKUP(C$27,$A$13:$AG$24,5,FALSE)) -> 13.26 | D33: =ABS(VLOOKUP($B33,$A$13:$AG$24,5,FALSE)-VLOOKUP(D$27,$A$13:$AG$24,5,FALSE)) -> 13.26 | E33: =ABS(VLOOKUP($B33,$A$13:$AG$24,5,FALSE)-VLOOKUP(E$27,$A$13:$AG$24,5,FALSE)) -> 6.195 | F33: =ABS(VLOOKUP($B33,$A$13:$AG$24,5,FALSE)-VLOOKUP(F$27,$A$13:$AG$24,5,FALSE)) -> 13.217 | G33: =ABS(VLOOKUP($B33,$A$13:$AG$24,5,FALSE)-VLOOKUP(G$27,$A$13:$AG$24,5,FALSE)) -> 13.1045 | H33: =ABS(VLOOKUP($B33,$A$13:$AG$24,5,FALSE)-VLOOKUP(H$27,$A$13:$AG$24,5,FALSE)) -> 0 | I33: =ABS(VLOOKUP($B33,$A$13:$AG$24,5,FALSE)-VLOOKUP(I$27,$A$13:$AG$24,5,FALSE)) -> 6.515 | J33: =ABS(VLOOKUP($B33,$A$13:$AG$24,5,FALSE)-VLOOKUP(J$27,$A$13:$AG$24,5,FALSE)) -> 6.35 | ... N33: =ABS(VLOOKUP($B33,$A$13:$AG$24,5,FALSE)-VLOOKUP(N$27,$A$13:$AG$24,5,FALSE)) -> 6.515
B34: 7 | C34: =ABS(VLOOKUP($B34,$A$13:$AG$24,5,FALSE)-VLOOKUP(C$27,$A$13:$AG$24,5,FALSE)) -> 6.745 | D34: =ABS(VLOOKUP($B34,$A$13:$AG$24,5,FALSE)-VLOOKUP(D$27,$A$13:$AG$24,5,FALSE)) -> 6.745 | E34: =ABS(VLOOKUP($B34,$A$13:$AG$24,5,FALSE)-VLOOKUP(E$27,$A$13:$AG$24,5,FALSE)) -> 0.32 | F34: =ABS(VLOOKUP($B34,$A$13:$AG$24,5,FALSE)-VLOOKUP(F$27,$A$13:$AG$24,5,FALSE)) -> 6.702 | G34: =ABS(VLOOKUP($B34,$A$13:$AG$24,5,FALSE)-VLOOKUP(G$27,$A$13:$AG$24,5,FALSE)) -> 6.5895 | H34: =ABS(VLOOKUP($B34,$A$13:$AG$24,5,FALSE)-VLOOKUP(H$27,$A$13:$AG$24,5,FALSE)) -> 6.515 | I34: =ABS(VLOOKUP($B34,$A$13:$AG$24,5,FALSE)-VLOOKUP(I$27,$A$13:$AG$24,5,FALSE)) -> 0 | J34: =ABS(VLOOKUP($B34,$A$13:$AG$24,5,FALSE)-VLOOKUP(J$27,$A$13:$AG$24,5,FALSE)) -> 12.865 | ... N34: =ABS(VLOOKUP($B34,$A$13:$AG$24,5,FALSE)-VLOOKUP(N$27,$A$13:$AG$24,5,FALSE)) -> 0
B35: 8 | C35: =ABS(VLOOKUP($B35,$A$13:$AG$24,5,FALSE)-VLOOKUP(C$27,$A$13:$AG$24,5,FALSE)) -> 19.61 | D35: =ABS(VLOOKUP($B35,$A$13:$AG$24,5,FALSE)-VLOOKUP(D$27,$A$13:$AG$24,5,FALSE)) -> 19.61 | E35: =ABS(VLOOKUP($B35,$A$13:$AG$24,5,FALSE)-VLOOKUP(E$27,$A$13:$AG$24,5,FALSE)) -> 12.545 | F35: =ABS(VLOOKUP($B35,$A$13:$AG$24,5,FALSE)-VLOOKUP(F$27,$A$13:$AG$24,5,FALSE)) -> 19.567 | G35: =ABS(VLOOKUP($B35,$A$13:$AG$24,5,FALSE)-VLOOKUP(G$27,$A$13:$AG$24,5,FALSE)) -> 19.4545 | H35: =ABS(VLOOKUP($B35,$A$13:$AG$24,5,FALSE)-VLOOKUP(H$27,$A$13:$AG$24,5,FALSE)) -> 6.35 | I35: =ABS(VLOOKUP($B35,$A$13:$AG$24,5,FALSE)-VLOOKUP(I$27,$A$13:$AG$24,5,FALSE)) -> 12.865 | J35: =ABS(VLOOKUP($B35,$A$13:$AG$24,5,FALSE)-VLOOKUP(J$27,$A$13:$AG$24,5,FALSE)) -> 0 | ... N35: =ABS(VLOOKUP($B35,$A$13:$AG$24,5,FALSE)-VLOOKUP(N$27,$A$13:$AG$24,5,FALSE)) -> 12.865
B36: 9 | C36: =ABS(VLOOKUP($B36,$A$13:$AG$24,5,FALSE)-VLOOKUP(C$27,$A$13:$AG$24,5,FALSE)) -> 26.66 | D36: =ABS(VLOOKUP($B36,$A$13:$AG$24,5,FALSE)-VLOOKUP(D$27,$A$13:$AG$24,5,FALSE)) -> 26.66 | E36: =ABS(VLOOKUP($B36,$A$13:$AG$24,5,FALSE)-VLOOKUP(E$27,$A$13:$AG$24,5,FALSE)) -> 19.595 | F36: =ABS(VLOOKUP($B36,$A$13:$AG$24,5,FALSE)-VLOOKUP(F$27,$A$13:$AG$24,5,FALSE)) -> 26.617 | G36: =ABS(VLOOKUP($B36,$A$13:$AG$24,5,FALSE)-VLOOKUP(G$27,$A$13:$AG$24,5,FALSE)) -> 26.5045 | H36: =ABS(VLOOKUP($B36,$A$13:$AG$24,5,FALSE)-VLOOKUP(H$27,$A$13:$AG$24,5,FALSE)) -> 13.4 | I36: =ABS(VLOOKUP($B36,$A$13:$AG$24,5,FALSE)-VLOOKUP(I$27,$A$13:$AG$24,5,FALSE)) -> 19.915 | J36: =ABS(VLOOKUP($B36,$A$13:$AG$24,5,FALSE)-VLOOKUP(J$27,$A$13:$AG$24,5,FALSE)) -> 7.05 | ... N36: =ABS(VLOOKUP($B36,$A$13:$AG$24,5,FALSE)-VLOOKUP(N$27,$A$13:$AG$24,5,FALSE)) -> 19.915
B37: 10 | C37: =ABS(VLOOKUP($B37,$A$13:$AG$24,5,FALSE)-VLOOKUP(C$27,$A$13:$AG$24,5,FALSE)) -> 26.66 | D37: =ABS(VLOOKUP($B37,$A$13:$AG$24,5,FALSE)-VLOOKUP(D$27,$A$13:$AG$24,5,FALSE)) -> 26.66 | E37: =ABS(VLOOKUP($B37,$A$13:$AG$24,5,FALSE)-VLOOKUP(E$27,$A$13:$AG$24,5,FALSE)) -> 19.595 | F37: =ABS(VLOOKUP($B37,$A$13:$AG$24,5,FALSE)-VLOOKUP(F$27,$A$13:$AG$24,5,FALSE)) -> 26.617 | G37: =ABS(VLOOKUP($B37,$A$13:$AG$24,5,FALSE)-VLOOKUP(G$27,$A$13:$AG$24,5,FALSE)) -> 26.5045 | H37: =ABS(VLOOKUP($B37,$A$13:$AG$24,5,FALSE)-VLOOKUP(H$27,$A$13:$AG$24,5,FALSE)) -> 13.4 | I37: =ABS(VLOOKUP($B37,$A$13:$AG$24,5,FALSE)-VLOOKUP(I$27,$A$13:$AG$24,5,FALSE)) -> 19.915 | J37: =ABS(VLOOKUP($B37,$A$13:$AG$24,5,FALSE)-VLOOKUP(J$27,$A$13:$AG$24,5,FALSE)) -> 7.05 | ... N37: =ABS(VLOOKUP($B37,$A$13:$AG$24,5,FALSE)-VLOOKUP(N$27,$A$13:$AG$24,5,FALSE)) -> 19.915
B38: 11 | C38: =ABS(VLOOKUP($B38,$A$13:$AG$24,5,FALSE)-VLOOKUP(C$27,$A$13:$AG$24,5,FALSE)) -> 19.135 | D38: =ABS(VLOOKUP($B38,$A$13:$AG$24,5,FALSE)-VLOOKUP(D$27,$A$13:$AG$24,5,FALSE)) -> 19.135 | E38: =ABS(VLOOKUP($B38,$A$13:$AG$24,5,FALSE)-VLOOKUP(E$27,$A$13:$AG$24,5,FALSE)) -> 12.07 | F38: =ABS(VLOOKUP($B38,$A$13:$AG$24,5,FALSE)-VLOOKUP(F$27,$A$13:$AG$24,5,FALSE)) -> 19.092 | G38: =ABS(VLOOKUP($B38,$A$13:$AG$24,5,FALSE)-VLOOKUP(G$27,$A$13:$AG$24,5,FALSE)) -> 18.9795 | H38: =ABS(VLOOKUP($B38,$A$13:$AG$24,5,FALSE)-VLOOKUP(H$27,$A$13:$AG$24,5,FALSE)) -> 5.875 | I38: =ABS(VLOOKUP($B38,$A$13:$AG$24,5,FALSE)-VLOOKUP(I$27,$A$13:$AG$24,5,FALSE)) -> 12.39 | J38: =ABS(VLOOKUP($B38,$A$13:$AG$24,5,FALSE)-VLOOKUP(J$27,$A$13:$AG$24,5,FALSE)) -> 0.475 | ... N38: =ABS(VLOOKUP($B38,$A$13:$AG$24,5,FALSE)-VLOOKUP(N$27,$A$13:$AG$24,5,FALSE)) -> 12.39
B39: 12 | C39: =ABS(VLOOKUP($B39,$A$13:$AG$24,5,FALSE)-VLOOKUP(C$27,$A$13:$AG$24,5,FALSE)) -> 6.745 | D39: =ABS(VLOOKUP($B39,$A$13:$AG$24,5,FALSE)-VLOOKUP(D$27,$A$13:$AG$24,5,FALSE)) -> 6.745 | E39: =ABS(VLOOKUP($B39,$A$13:$AG$24,5,FALSE)-VLOOKUP(E$27,$A$13:$AG$24,5,FALSE)) -> 0.32 | F39: =ABS(VLOOKUP($B39,$A$13:$AG$24,5,FALSE)-VLOOKUP(F$27,$A$13:$AG$24,5,FALSE)) -> 6.702 | G39: =ABS(VLOOKUP($B39,$A$13:$AG$24,5,FALSE)-VLOOKUP(G$27,$A$13:$AG$24,5,FALSE)) -> 6.5895 | H39: =ABS(VLOOKUP($B39,$A$13:$AG$24,5,FALSE)-VLOOKUP(H$27,$A$13:$AG$24,5,FALSE)) -> 6.515 | I39: =ABS(VLOOKUP($B39,$A$13:$AG$24,5,FALSE)-VLOOKUP(I$27,$A$13:$AG$24,5,FALSE)) -> 0 | J39: =ABS(VLOOKUP($B39,$A$13:$AG$24,5,FALSE)-VLOOKUP(J$27,$A$13:$AG$24,5,FALSE)) -> 12.865 | ... N39: =ABS(VLOOKUP($B39,$A$13:$AG$24,5,FALSE)-VLOOKUP(N$27,$A$13:$AG$24,5,FALSE)) -> 0
A42: dYmn | B42: n | C42: 1 | D42: 2 | E42: 3 | F42: 4 | G42: 5 | H42: 6 | I42: 7 | J42: 8 | K42: 9 | L42: 10 | M42: 11 | N42: 12
A43: m | B43: 1 | C43: =ABS(VLOOKUP($B43,$A$13:$AG$24,6,FALSE)-VLOOKUP(C$42,$A$13:$AG$24,6,FALSE)) -> 0 | D43: =ABS(VLOOKUP($B43,$A$13:$AG$24,6,FALSE)-VLOOKUP(D$42,$A$13:$AG$24,6,FALSE)) -> 7.605 | E43: =ABS(VLOOKUP($B43,$A$13:$AG$24,6,FALSE)-VLOOKUP(E$42,$A$13:$AG$24,6,FALSE)) -> 6.19 | F43: =ABS(VLOOKUP($B43,$A$13:$AG$24,6,FALSE)-VLOOKUP(F$42,$A$13:$AG$24,6,FALSE)) -> 14.2 | G43: =ABS(VLOOKUP($B43,$A$13:$AG$24,6,FALSE)-VLOOKUP(G$42,$A$13:$AG$24,6,FALSE)) -> 20.43 | H43: =ABS(VLOOKUP($B43,$A$13:$AG$24,6,FALSE)-VLOOKUP(H$42,$A$13:$AG$24,6,FALSE)) -> 11.375 | I43: =ABS(VLOOKUP($B43,$A$13:$AG$24,6,FALSE)-VLOOKUP(I$42,$A$13:$AG$24,6,FALSE)) -> 15.17 | J43: =ABS(VLOOKUP($B43,$A$13:$AG$24,6,FALSE)-VLOOKUP(J$42,$A$13:$AG$24,6,FALSE)) -> 14.2 | ... N43: =ABS(VLOOKUP($B43,$A$13:$AG$24,6,FALSE)-VLOOKUP(N$42,$A$13:$AG$24,6,FALSE)) -> 1.495
B44: 2 | C44: =ABS(VLOOKUP($B44,$A$13:$AG$24,6,FALSE)-VLOOKUP(C$42,$A$13:$AG$24,6,FALSE)) -> 7.605 | D44: =ABS(VLOOKUP($B44,$A$13:$AG$24,6,FALSE)-VLOOKUP(D$42,$A$13:$AG$24,6,FALSE)) -> 0 | E44: =ABS(VLOOKUP($B44,$A$13:$AG$24,6,FALSE)-VLOOKUP(E$42,$A$13:$AG$24,6,FALSE)) -> 1.415 | F44: =ABS(VLOOKUP($B44,$A$13:$AG$24,6,FALSE)-VLOOKUP(F$42,$A$13:$AG$24,6,FALSE)) -> 6.595 | G44: =ABS(VLOOKUP($B44,$A$13:$AG$24,6,FALSE)-VLOOKUP(G$42,$A$13:$AG$24,6,FALSE)) -> 12.825 | H44: =ABS(VLOOKUP($B44,$A$13:$AG$24,6,FALSE)-VLOOKUP(H$42,$A$13:$AG$24,6,FALSE)) -> 3.77 | I44: =ABS(VLOOKUP($B44,$A$13:$AG$24,6,FALSE)-VLOOKUP(I$42,$A$13:$AG$24,6,FALSE)) -> 7.565 | J44: =ABS(VLOOKUP($B44,$A$13:$AG$24,6,FALSE)-VLOOKUP(J$42,$A$13:$AG$24,6,FALSE)) -> 6.595 | ... N44: =ABS(VLOOKUP($B44,$A$13:$AG$24,6,FALSE)-VLOOKUP(N$42,$A$13:$AG$24,6,FALSE)) -> 9.1
B45: 3 | C45: =ABS(VLOOKUP($B45,$A$13:$AG$24,6,FALSE)-VLOOKUP(C$42,$A$13:$AG$24,6,FALSE)) -> 6.19 | D45: =ABS(VLOOKUP($B45,$A$13:$AG$24,6,FALSE)-VLOOKUP(D$42,$A$13:$AG$24,6,FALSE)) -> 1.415 | E45: =ABS(VLOOKUP($B45,$A$13:$AG$24,6,FALSE)-VLOOKUP(E$42,$A$13:$AG$24,6,FALSE)) -> 0 | F45: =ABS(VLOOKUP($B45,$A$13:$AG$24,6,FALSE)-VLOOKUP(F$42,$A$13:$AG$24,6,FALSE)) -> 8.01 | G45: =ABS(VLOOKUP($B45,$A$13:$AG$24,6,FALSE)-VLOOKUP(G$42,$A$13:$AG$24,6,FALSE)) -> 14.24 | H45: =ABS(VLOOKUP($B45,$A$13:$AG$24,6,FALSE)-VLOOKUP(H$42,$A$13:$AG$24,6,FALSE)) -> 5.185 | I45: =ABS(VLOOKUP($B45,$A$13:$AG$24,6,FALSE)-VLOOKUP(I$42,$A$13:$AG$24,6,FALSE)) -> 8.98 | J45: =ABS(VLOOKUP($B45,$A$13:$AG$24,6,FALSE)-VLOOKUP(J$42,$A$13:$AG$24,6,FALSE)) -> 8.01 | ... N45: =ABS(VLOOKUP($B45,$A$13:$AG$24,6,FALSE)-VLOOKUP(N$42,$A$13:$AG$24,6,FALSE)) -> 7.685
B46: 4 | C46: =ABS(VLOOKUP($B46,$A$13:$AG$24,6,FALSE)-VLOOKUP(C$42,$A$13:$AG$24,6,FALSE)) -> 14.2 | D46: =ABS(VLOOKUP($B46,$A$13:$AG$24,6,FALSE)-VLOOKUP(D$42,$A$13:$AG$24,6,FALSE)) -> 6.595 | E46: =ABS(VLOOKUP($B46,$A$13:$AG$24,6,FALSE)-VLOOKUP(E$42,$A$13:$AG$24,6,FALSE)) -> 8.01 | F46: =ABS(VLOOKUP($B46,$A$13:$AG$24,6,FALSE)-VLOOKUP(F$42,$A$13:$AG$24,6,FALSE)) -> 0 | G46: =ABS(VLOOKUP($B46,$A$13:$AG$24,6,FALSE)-VLOOKUP(G$42,$A$13:$AG$24,6,FALSE)) -> 6.23 | H46: =ABS(VLOOKUP($B46,$A$13:$AG$24,6,FALSE)-VLOOKUP(H$42,$A$13:$AG$24,6,FALSE)) -> 2.825 | I46: =ABS(VLOOKUP($B46,$A$13:$AG$24,6,FALSE)-VLOOKUP(I$42,$A$13:$AG$24,6,FALSE)) -> 0.97 | J46: =ABS(VLOOKUP($B46,$A$13:$AG$24,6,FALSE)-VLOOKUP(J$42,$A$13:$AG$24,6,FALSE)) -> 0 | ... N46: =ABS(VLOOKUP($B46,$A$13:$AG$24,6,FALSE)-VLOOKUP(N$42,$A$13:$AG$24,6,FALSE)) -> 15.695
B47: 5 | C47: =ABS(VLOOKUP($B47,$A$13:$AG$24,6,FALSE)-VLOOKUP(C$42,$A$13:$AG$24,6,FALSE)) -> 20.43 | D47: =ABS(VLOOKUP($B47,$A$13:$AG$24,6,FALSE)-VLOOKUP(D$42,$A$13:$AG$24,6,FALSE)) -> 12.825 | E47: =ABS(VLOOKUP($B47,$A$13:$AG$24,6,FALSE)-VLOOKUP(E$42,$A$13:$AG$24,6,FALSE)) -> 14.24 | F47: =ABS(VLOOKUP($B47,$A$13:$AG$24,6,FALSE)-VLOOKUP(F$42,$A$13:$AG$24,6,FALSE)) -> 6.23 | G47: =ABS(VLOOKUP($B47,$A$13:$AG$24,6,FALSE)-VLOOKUP(G$42,$A$13:$AG$24,6,FALSE)) -> 0 | H47: =ABS(VLOOKUP($B47,$A$13:$AG$24,6,FALSE)-VLOOKUP(H$42,$A$13:$AG$24,6,FALSE)) -> 9.055 | I47: =ABS(VLOOKUP($B47,$A$13:$AG$24,6,FALSE)-VLOOKUP(I$42,$A$13:$AG$24,6,FALSE)) -> 5.26 | J47: =ABS(VLOOKUP($B47,$A$13:$AG$24,6,FALSE)-VLOOKUP(J$42,$A$13:$AG$24,6,FALSE)) -> 6.23 | ... N47: =ABS(VLOOKUP($B47,$A$13:$AG$24,6,FALSE)-VLOOKUP(N$42,$A$13:$AG$24,6,FALSE)) -> 21.925
B48: 6 | C48: =ABS(VLOOKUP($B48,$A$13:$AG$24,6,FALSE)-VLOOKUP(C$42,$A$13:$AG$24,6,FALSE)) -> 11.375 | D48: =ABS(VLOOKUP($B48,$A$13:$AG$24,6,FALSE)-VLOOKUP(D$42,$A$13:$AG$24,6,FALSE)) -> 3.77 | E48: =ABS(VLOOKUP($B48,$A$13:$AG$24,6,FALSE)-VLOOKUP(E$42,$A$13:$AG$24,6,FALSE)) -> 5.185 | F48: =ABS(VLOOKUP($B48,$A$13:$AG$24,6,FALSE)-VLOOKUP(F$42,$A$13:$AG$24,6,FALSE)) -> 2.825 | G48: =ABS(VLOOKUP($B48,$A$13:$AG$24,6,FALSE)-VLOOKUP(G$42,$A$13:$AG$24,6,FALSE)) -> 9.055 | H48: =ABS(VLOOKUP($B48,$A$13:$AG$24,6,FALSE)-VLOOKUP(H$42,$A$13:$AG$24,6,FALSE)) -> 0 | I48: =ABS(VLOOKUP($B48,$A$13:$AG$24,6,FALSE)-VLOOKUP(I$42,$A$13:$AG$24,6,FALSE)) -> 3.795 | J48: =ABS(VLOOKUP($B48,$A$13:$AG$24,6,FALSE)-VLOOKUP(J$42,$A$13:$AG$24,6,FALSE)) -> 2.825 | ... N48: =ABS(VLOOKUP($B48,$A$13:$AG$24,6,FALSE)-VLOOKUP(N$42,$A$13:$AG$24,6,FALSE)) -> 12.87
B49: 7 | C49: =ABS(VLOOKUP($B49,$A$13:$AG$24,6,FALSE)-VLOOKUP(C$42,$A$13:$AG$24,6,FALSE)) -> 15.17 | D49: =ABS(VLOOKUP($B49,$A$13:$AG$24,6,FALSE)-VLOOKUP(D$42,$A$13:$AG$24,6,FALSE)) -> 7.565 | E49: =ABS(VLOOKUP($B49,$A$13:$AG$24,6,FALSE)-VLOOKUP(E$42,$A$13:$AG$24,6,FALSE)) -> 8.98 | F49: =ABS(VLOOKUP($B49,$A$13:$AG$24,6,FALSE)-VLOOKUP(F$42,$A$13:$AG$24,6,FALSE)) -> 0.97 | G49: =ABS(VLOOKUP($B49,$A$13:$AG$24,6,FALSE)-VLOOKUP(G$42,$A$13:$AG$24,6,FALSE)) -> 5.26 | H49: =ABS(VLOOKUP($B49,$A$13:$AG$24,6,FALSE)-VLOOKUP(H$42,$A$13:$AG$24,6,FALSE)) -> 3.795 | I49: =ABS(VLOOKUP($B49,$A$13:$AG$24,6,FALSE)-VLOOKUP(I$42,$A$13:$AG$24,6,FALSE)) -> 0 | J49: =ABS(VLOOKUP($B49,$A$13:$AG$24,6,FALSE)-VLOOKUP(J$42,$A$13:$AG$24,6,FALSE)) -> 0.97 | ... N49: =ABS(VLOOKUP($B49,$A$13:$AG$24,6,FALSE)-VLOOKUP(N$42,$A$13:$AG$24,6,FALSE)) -> 16.665
B50: 8 | C50: =ABS(VLOOKUP($B50,$A$13:$AG$24,6,FALSE)-VLOOKUP(C$42,$A$13:$AG$24,6,FALSE)) -> 14.2 | D50: =ABS(VLOOKUP($B50,$A$13:$AG$24,6,FALSE)-VLOOKUP(D$42,$A$13:$AG$24,6,FALSE)) -> 6.595 | E50: =ABS(VLOOKUP($B50,$A$13:$AG$24,6,FALSE)-VLOOKUP(E$42,$A$13:$AG$24,6,FALSE)) -> 8.01 | F50: =ABS(VLOOKUP($B50,$A$13:$AG$24,6,FALSE)-VLOOKUP(F$42,$A$13:$AG$24,6,FALSE)) -> 0 | G50: =ABS(VLOOKUP($B50,$A$13:$AG$24,6,FALSE)-VLOOKUP(G$42,$A$13:$AG$24,6,FALSE)) -> 6.23 | H50: =ABS(VLOOKUP($B50,$A$13:$AG$24,6,FALSE)-VLOOKUP(H$42,$A$13:$AG$24,6,FALSE)) -> 2.825 | I50: =ABS(VLOOKUP($B50,$A$13:$AG$24,6,FALSE)-VLOOKUP(I$42,$A$13:$AG$24,6,FALSE)) -> 0.97 | J50: =ABS(VLOOKUP($B50,$A$13:$AG$24,6,FALSE)-VLOOKUP(J$42,$A$13:$AG$24,6,FALSE)) -> 0 | ... N50: =ABS(VLOOKUP($B50,$A$13:$AG$24,6,FALSE)-VLOOKUP(N$42,$A$13:$AG$24,6,FALSE)) -> 15.695
B51: 9 | C51: =ABS(VLOOKUP($B51,$A$13:$AG$24,6,FALSE)-VLOOKUP(C$42,$A$13:$AG$24,6,FALSE)) -> 5.175 | D51: =ABS(VLOOKUP($B51,$A$13:$AG$24,6,FALSE)-VLOOKUP(D$42,$A$13:$AG$24,6,FALSE)) -> 2.43 | E51: =ABS(VLOOKUP($B51,$A$13:$AG$24,6,FALSE)-VLOOKUP(E$42,$A$13:$AG$24,6,FALSE)) -> 1.015 | F51: =ABS(VLOOKUP($B51,$A$13:$AG$24,6,FALSE)-VLOOKUP(F$42,$A$13:$AG$24,6,FALSE)) -> 9.025 | G51: =ABS(VLOOKUP($B51,$A$13:$AG$24,6,FALSE)-VLOOKUP(G$42,$A$13:$AG$24,6,FALSE)) -> 15.255 | H51: =ABS(VLOOKUP($B51,$A$13:$AG$24,6,FALSE)-VLOOKUP(H$42,$A$13:$AG$24,6,FALSE)) -> 6.2 | I51: =ABS(VLOOKUP($B51,$A$13:$AG$24,6,FALSE)-VLOOKUP(I$42,$A$13:$AG$24,6,FALSE)) -> 9.995 | J51: =ABS(VLOOKUP($B51,$A$13:$AG$24,6,FALSE)-VLOOKUP(J$42,$A$13:$AG$24,6,FALSE)) -> 9.025 | ... N51: =ABS(VLOOKUP($B51,$A$13:$AG$24,6,FALSE)-VLOOKUP(N$42,$A$13:$AG$24,6,FALSE)) -> 6.67
B52: 10 | C52: =ABS(VLOOKUP($B52,$A$13:$AG$24,6,FALSE)-VLOOKUP(C$42,$A$13:$AG$24,6,FALSE)) -> 1.035 | D52: =ABS(VLOOKUP($B52,$A$13:$AG$24,6,FALSE)-VLOOKUP(D$42,$A$13:$AG$24,6,FALSE)) -> 8.64 | E52: =ABS(VLOOKUP($B52,$A$13:$AG$24,6,FALSE)-VLOOKUP(E$42,$A$13:$AG$24,6,FALSE)) -> 7.225 | F52: =ABS(VLOOKUP($B52,$A$13:$AG$24,6,FALSE)-VLOOKUP(F$42,$A$13:$AG$24,6,FALSE)) -> 15.235 | G52: =ABS(VLOOKUP($B52,$A$13:$AG$24,6,FALSE)-VLOOKUP(G$42,$A$13:$AG$24,6,FALSE)) -> 21.465 | H52: =ABS(VLOOKUP($B52,$A$13:$AG$24,6,FALSE)-VLOOKUP(H$42,$A$13:$AG$24,6,FALSE)) -> 12.41 | I52: =ABS(VLOOKUP($B52,$A$13:$AG$24,6,FALSE)-VLOOKUP(I$42,$A$13:$AG$24,6,FALSE)) -> 16.205 | J52: =ABS(VLOOKUP($B52,$A$13:$AG$24,6,FALSE)-VLOOKUP(J$42,$A$13:$AG$24,6,FALSE)) -> 15.235 | ... N52: =ABS(VLOOKUP($B52,$A$13:$AG$24,6,FALSE)-VLOOKUP(N$42,$A$13:$AG$24,6,FALSE)) -> 0.46
B53: 11 | C53: =ABS(VLOOKUP($B53,$A$13:$AG$24,6,FALSE)-VLOOKUP(C$42,$A$13:$AG$24,6,FALSE)) -> 1.495 | D53: =ABS(VLOOKUP($B53,$A$13:$AG$24,6,FALSE)-VLOOKUP(D$42,$A$13:$AG$24,6,FALSE)) -> 9.1 | E53: =ABS(VLOOKUP($B53,$A$13:$AG$24,6,FALSE)-VLOOKUP(E$42,$A$13:$AG$24,6,FALSE)) -> 7.685 | F53: =ABS(VLOOKUP($B53,$A$13:$AG$24,6,FALSE)-VLOOKUP(F$42,$A$13:$AG$24,6,FALSE)) -> 15.695 | G53: =ABS(VLOOKUP($B53,$A$13:$AG$24,6,FALSE)-VLOOKUP(G$42,$A$13:$AG$24,6,FALSE)) -> 21.925 | H53: =ABS(VLOOKUP($B53,$A$13:$AG$24,6,FALSE)-VLOOKUP(H$42,$A$13:$AG$24,6,FALSE)) -> 12.87 | I53: =ABS(VLOOKUP($B53,$A$13:$AG$24,6,FALSE)-VLOOKUP(I$42,$A$13:$AG$24,6,FALSE)) -> 16.665 | J53: =ABS(VLOOKUP($B53,$A$13:$AG$24,6,FALSE)-VLOOKUP(J$42,$A$13:$AG$24,6,FALSE)) -> 15.695 | ... N53: =ABS(VLOOKUP($B53,$A$13:$AG$24,6,FALSE)-VLOOKUP(N$42,$A$13:$AG$24,6,FALSE)) -> 0
B54: 12 | C54: =ABS(VLOOKUP($B54,$A$13:$AG$24,6,FALSE)-VLOOKUP(C$42,$A$13:$AG$24,6,FALSE)) -> 1.495 | D54: =ABS(VLOOKUP($B54,$A$13:$AG$24,6,FALSE)-VLOOKUP(D$42,$A$13:$AG$24,6,FALSE)) -> 9.1 | E54: =ABS(VLOOKUP($B54,$A$13:$AG$24,6,FALSE)-VLOOKUP(E$42,$A$13:$AG$24,6,FALSE)) -> 7.685 | F54: =ABS(VLOOKUP($B54,$A$13:$AG$24,6,FALSE)-VLOOKUP(F$42,$A$13:$AG$24,6,FALSE)) -> 15.695 | G54: =ABS(VLOOKUP($B54,$A$13:$AG$24,6,FALSE)-VLOOKUP(G$42,$A$13:$AG$24,6,FALSE)) -> 21.925 | H54: =ABS(VLOOKUP($B54,$A$13:$AG$24,6,FALSE)-VLOOKUP(H$42,$A$13:$AG$24,6,FALSE)) -> 12.87 | I54: =ABS(VLOOKUP($B54,$A$13:$AG$24,6,FALSE)-VLOOKUP(I$42,$A$13:$AG$24,6,FALSE)) -> 16.665 | J54: =ABS(VLOOKUP($B54,$A$13:$AG$24,6,FALSE)-VLOOKUP(J$42,$A$13:$AG$24,6,FALSE)) -> 15.695 | ... N54: =ABS(VLOOKUP($B54,$A$13:$AG$24,6,FALSE)-VLOOKUP(N$42,$A$13:$AG$24,6,FALSE)) -> 0
A56: Flow Matrix
B57: To | C57: 1 | D57: 2 | E57: 3 | F57: 4 | G57: 5 | H57: 6 | I57: 7 | J57: 8 | K57: 9 | L57: 10 | M57: 11 | N57: 12
A58: From | B58: 1 | C58: =Data!D31 -> 0 | D58: =Data!E31 -> 1 | E58: =Data!F31 -> 1 | F58: =Data!G31 -> 0 | G58: =Data!H31 -> 0 | H58: =Data!I31 -> 0 | I58: =Data!J31 -> 0 | J58: =Data!K31 -> 0 | ... N58: =Data!O31 -> 0
B59: 2 | C59: =Data!D32 -> 0 | D59: =Data!E32 -> 0 | E59: =Data!F32 -> 0 | F59: =Data!G32 -> 0 | G59: =Data!H32 -> 0 | H59: =Data!I32 -> 0 | I59: =Data!J32 -> 0 | J59: =Data!K32 -> 2 | ... N59: =Data!O32 -> 0
B60: 3 | C60: =Data!D33 -> 0 | D60: =Data!E33 -> 0 | E60: =Data!F33 -> 0 | F60: =Data!G33 -> 0 | G60: =Data!H33 -> 0 | H60: =Data!I33 -> 0 | I60: =Data!J33 -> 0 | J60: =Data!K33 -> 5 | ... N60: =Data!O33 -> 0
B61: 4 | C61: =Data!D34 -> 0 | D61: =Data!E34 -> 0 | E61: =Data!F34 -> 0 | F61: =Data!G34 -> 0 | G61: =Data!H34 -> 0 | H61: =Data!I34 -> 0 | I61: =Data!J34 -> 0 | J61: =Data!K34 -> 1 | ... N61: =Data!O34 -> 0
B62: 5 | C62: =Data!D35 -> 0 | D62: =Data!E35 -> 0 | E62: =Data!F35 -> 0 | F62: =Data!G35 -> 0 | G62: =Data!H35 -> 0 | H62: =Data!I35 -> 1 | I62: =Data!J35 -> 0 | J62: =Data!K35 -> 1 | ... N62: =Data!O35 -> 0
B63: 6 | C63: =Data!D36 -> 0 | D63: =Data!E36 -> 0 | E63: =Data!F36 -> 0 | F63: =Data!G36 -> 0 | G63: =Data!H36 -> 1 | H63: =Data!I36 -> 0 | I63: =Data!J36 -> 0 | J63: =Data!K36 -> 2 | ... N63: =Data!O36 -> 0
B64: 7 | C64: =Data!D37 -> 0 | D64: =Data!E37 -> 0 | E64: =Data!F37 -> 0 | F64: =Data!G37 -> 0 | G64: =Data!H37 -> 2 | H64: =Data!I37 -> 1 | I64: =Data!J37 -> 0 | J64: =Data!K37 -> 1 | ... N64: =Data!O37 -> 0
B65: 8 | C65: =Data!D38 -> 0 | D65: =Data!E38 -> 0 | E65: =Data!F38 -> 0 | F65: =Data!G38 -> 1 | G65: =Data!H38 -> 1 | H65: =Data!I38 -> 1 | I65: =Data!J38 -> 8 | J65: =Data!K38 -> 0 | ... N65: =Data!O38 -> 0
B66: 9 | C66: =Data!D39 -> 0 | D66: =Data!E39 -> 0 | E66: =Data!F39 -> 0 | F66: =Data!G39 -> 0 | G66: =Data!H39 -> 0 | H66: =Data!I39 -> 0 | I66: =Data!J39 -> 0 | J66: =Data!K39 -> 0 | ... N66: =Data!O39 -> 0
B67: 10 | C67: =Data!D40 -> 0 | D67: =Data!E40 -> 0 | E67: =Data!F40 -> 0 | F67: =Data!G40 -> 0 | G67: =Data!H40 -> 0 | H67: =Data!I40 -> 0 | I67: =Data!J40 -> 0 | J67: =Data!K40 -> 0 | ... N67: =Data!O40 -> 0
B68: 11 | C68: =Data!D41 -> 0 | D68: =Data!E41 -> 0 | E68: =Data!F41 -> 0 | F68: =Data!G41 -> 0 | G68: =Data!H41 -> 0 | H68: =Data!I41 -> 0 | I68: =Data!J41 -> 0 | J68: =Data!K41 -> 0 | ... N68: =Data!O41 -> 1
B69: 12 | C69: =Data!D42 -> 0 | D69: =Data!E42 -> 0 | E69: =Data!F42 -> 0 | F69: =Data!G42 -> 0 | G69: =Data!H42 -> 0 | H69: =Data!I42 -> 0 | I69: =Data!J42 -> 0 | J69: =Data!K42 -> 0 | ... N69: =Data!O42 -> 0
A71: Cost Matrix
B72: To | C72: 1 | D72: 2 | E72: 3 | F72: 4 | G72: 5 | H72: 6 | I72: 7 | J72: 8 | K72: 9 | L72: 10 | M72: 11 | N72: 12
A73: From | B73: 1 | C73: =Data!D46 -> 0 | D73: =Data!E46 -> 12.163159 | E73: =Data!F46 -> 12.163159 | F73: =Data!G46 -> 0 | G73: =Data!H46 -> 0 | H73: =Data!I46 -> 0 | I73: =Data!J46 -> 0 | J73: =Data!K46 -> 0 | ... N73: =Data!O46 -> 0
B74: 2 | C74: =Data!D47 -> 0 | D74: =Data!E47 -> 0 | E74: =Data!F47 -> 0 | F74: =Data!G47 -> 0 | G74: =Data!H47 -> 0 | H74: =Data!I47 -> 0 | I74: =Data!J47 -> 0 | J74: =Data!K47 -> 0.015066115 | ... N74: =Data!O47 -> 0
B75: 3 | C75: =Data!D48 -> 0 | D75: =Data!E48 -> 0 | E75: =Data!F48 -> 0 | F75: =Data!G48 -> 0 | G75: =Data!H48 -> 0 | H75: =Data!I48 -> 0 | I75: =Data!J48 -> 0 | J75: =Data!K48 -> 0.015066115 | ... N75: =Data!O48 -> 0
B76: 4 | C76: =Data!D49 -> 0 | D76: =Data!E49 -> 0 | E76: =Data!F49 -> 0 | F76: =Data!G49 -> 0 | G76: =Data!H49 -> 0 | H76: =Data!I49 -> 0 | I76: =Data!J49 -> 0 | J76: =Data!K49 -> 0.015066115 | ... N76: =Data!O49 -> 0
B77: 5 | C77: =Data!D50 -> 0 | D77: =Data!E50 -> 0 | E77: =Data!F50 -> 0 | F77: =Data!G50 -> 0 | G77: =Data!H50 -> 0 | H77: =Data!I50 -> 0.015066115 | I77: =Data!J50 -> 0 | J77: =Data!K50 -> 0.015066115 | ... N77: =Data!O50 -> 0
B78: 6 | C78: =Data!D51 -> 0 | D78: =Data!E51 -> 0 | E78: =Data!F51 -> 0 | F78: =Data!G51 -> 0 | G78: =Data!H51 -> 0.015066115 | H78: =Data!I51 -> 0 | I78: =Data!J51 -> 0 | J78: =Data!K51 -> 0.015066115 | ... N78: =Data!O51 -> 0
B79: 7 | C79: =Data!D52 -> 0 | D79: =Data!E52 -> 0 | E79: =Data!F52 -> 0 | F79: =Data!G52 -> 0 | G79: =Data!H52 -> 0.015066115 | H79: =Data!I52 -> 0.015066115 | I79: =Data!J52 -> 0 | J79: =Data!K52 -> 0.015066115 | ... N79: =Data!O52 -> 0
B80: 8 | C80: =Data!D53 -> 0 | D80: =Data!E53 -> 0 | E80: =Data!F53 -> 0 | F80: =Data!G53 -> 0.015066115 | G80: =Data!H53 -> 0.015066115 | H80: =Data!I53 -> 0.015066115 | I80: =Data!J53 -> 0.015066115 | J80: =Data!K53 -> 0 | ... N80: =Data!O53 -> 0
B81: 9 | C81: =Data!D54 -> 0 | D81: =Data!E54 -> 0 | E81: =Data!F54 -> 0 | F81: =Data!G54 -> 0 | G81: =Data!H54 -> 0 | H81: =Data!I54 -> 0 | I81: =Data!J54 -> 0 | J81: =Data!K54 -> 0 | ... N81: =Data!O54 -> 0
B82: 10 | C82: =Data!D55 -> 0 | D82: =Data!E55 -> 0 | E82: =Data!F55 -> 0 | F82: =Data!G55 -> 0 | G82: =Data!H55 -> 0 | H82: =Data!I55 -> 0 | I82: =Data!J55 -> 0 | J82: =Data!K55 -> 0 | ... N82: =Data!O55 -> 0
B83: 11 | C83: =Data!D56 -> 0 | D83: =Data!E56 -> 0 | E83: =Data!F56 -> 0 | F83: =Data!G56 -> 0 | G83: =Data!H56 -> 0 | H83: =Data!I56 -> 0 | I83: =Data!J56 -> 0 | J83: =Data!K56 -> 0 | ... N83: =Data!O56 -> 12.163159
B84: 12 | C84: =Data!D57 -> 0 | D84: =Data!E57 -> 0 | E84: =Data!F57 -> 0 | F84: =Data!G57 -> 0 | G84: =Data!H57 -> 0 | H84: =Data!I57 -> 0 | I84: =Data!J57 -> 0 | J84: =Data!K57 -> 0 | ... N84: =Data!O57 -> 0
A86: MHC
B87: To | C87: 1 | D87: 2 | E87: 3 | F87: 4 | G87: 5 | H87: 6 | I87: 7 | J87: 8 | K87: 9 | L87: 10 | M87: 11 | N87: 12
A88: From | B88: 1 | C88: =C73*C58*(C43+C28) -> 0 | D88: =D73*D58*(D43+D28) -> 92.500822 | E88: =E73*E58*(E43+E28) -> 161.22267 | F88: =F73*F58*(F43+F28) -> 0 | G88: =G73*G58*(G43+G28) -> 0 | H88: =H73*H58*(H43+H28) -> 0 | I88: =I73*I58*(I43+I28) -> 0 | J88: =J73*J58*(J43+J28) -> 0 | ... N88: =N73*N58*(N43+N28) -> 0
B89: 2 | C89: =C74*C59*(C44+C29) -> 0 | D89: =D74*D59*(D44+D29) -> 0 | E89: =E74*E59*(E44+E29) -> 0 | F89: =F74*F59*(F44+F29) -> 0 | G89: =G74*G59*(G44+G29) -> 0 | H89: =H74*H59*(H44+H29) -> 0 | I89: =I74*I59*(I44+I29) -> 0 | J89: =J74*J59*(J44+J29) -> 0.78961508 | ... N89: =N74*N59*(N44+N29) -> 0
B90: 3 | C90: =C75*C60*(C45+C30) -> 0 | D90: =D75*D60*(D45+D30) -> 0 | E90: =E75*E60*(E45+E30) -> 0 | F90: =F75*F60*(F45+F30) -> 0 | G90: =G75*G60*(G45+G30) -> 0 | H90: =H75*H60*(H45+H30) -> 0 | I90: =I75*I60*(I45+I30) -> 0 | J90: =J75*J60*(J45+J30) -> 1.54842 | ... N90: =N75*N60*(N45+N30) -> 0
B91: 4 | C91: =C76*C61*(C46+C31) -> 0 | D91: =D76*D61*(D46+D31) -> 0 | E91: =E76*E61*(E46+E31) -> 0 | F91: =F76*F61*(F46+F31) -> 0 | G91: =G76*G61*(G46+G31) -> 0 | H91: =H76*H61*(H46+H31) -> 0 | I91: =I76*I61*(I46+I31) -> 0 | J91: =J76*J61*(J46+J31) -> 0.29479867 | ... N91: =N76*N61*(N46+N31) -> 0
B92: 5 | C92: =C77*C62*(C47+C32) -> 0 | D92: =D77*D62*(D47+D32) -> 0 | E92: =E77*E62*(E47+E32) -> 0 | F92: =F77*F62*(F47+F32) -> 0 | G92: =G77*G62*(G47+G32) -> 0 | H92: =H77*H62*(H47+H32) -> 0.33385757 | I92: =I77*I62*(I47+I32) -> 0 | J92: =J77*J62*(J47+J32) -> 0.38696563 | ... N92: =N77*N62*(N47+N32) -> 0
B93: 6 | C93: =C78*C63*(C48+C33) -> 0 | D93: =D78*D63*(D48+D33) -> 0 | E93: =E78*E63*(E48+E33) -> 0 | F93: =F78*F63*(F48+F33) -> 0 | G93: =G78*G63*(G48+G33) -> 0.33385757 | H93: =H78*H63*(H48+H33) -> 0 | I93: =I78*I63*(I48+I33) -> 0 | J93: =J78*J63*(J48+J33) -> 0.27646321 | ... N93: =N78*N63*(N48+N33) -> 0
B94: 7 | C94: =C79*C64*(C49+C34) -> 0 | D94: =D79*D64*(D49+D34) -> 0 | E94: =E79*E64*(E49+E34) -> 0 | F94: =F79*F64*(F49+F34) -> 0 | G94: =G79*G64*(G49+G34) -> 0.35705186 | H94: =H79*H64*(H49+H34) -> 0.15533164 | I94: =I79*I64*(I49+I34) -> 0 | J94: =J79*J64*(J49+J34) -> 0.2084397 | ... N94: =N79*N64*(N49+N34) -> 0
B95: 8 | C95: =C80*C65*(C50+C35) -> 0 | D95: =D80*D65*(D50+D35) -> 0 | E95: =E80*E65*(E50+E35) -> 0 | F95: =F80*F65*(F50+F35) -> 0.29479867 | G95: =G80*G65*(G50+G35) -> 0.38696563 | H95: =H80*H65*(H50+H35) -> 0.1382316 | I95: =I80*I65*(I50+I35) -> 1.6675176 | J95: =J80*J65*(J50+J35) -> 0 | ... N95: =N80*N65*(N50+N35) -> 0
B96: 9 | C96: =C81*C66*(C51+C36) -> 0 | D96: =D81*D66*(D51+D36) -> 0 | E96: =E81*E66*(E51+E36) -> 0 | F96: =F81*F66*(F51+F36) -> 0 | G96: =G81*G66*(G51+G36) -> 0 | H96: =H81*H66*(H51+H36) -> 0 | I96: =I81*I66*(I51+I36) -> 0 | J96: =J81*J66*(J51+J36) -> 0 | ... N96: =N81*N66*(N51+N36) -> 0
B97: 10 | C97: =C82*C67*(C52+C37) -> 0 | D97: =D82*D67*(D52+D37) -> 0 | E97: =E82*E67*(E52+E37) -> 0 | F97: =F82*F67*(F52+F37) -> 0 | G97: =G82*G67*(G52+G37) -> 0 | H97: =H82*H67*(H52+H37) -> 0 | I97: =I82*I67*(I52+I37) -> 0 | J97: =J82*J67*(J52+J37) -> 0 | ... N97: =N82*N67*(N52+N37) -> 0
B98: 11 | C98: =C83*C68*(C53+C38) -> 0 | D98: =D83*D68*(D53+D38) -> 0 | E98: =E83*E68*(E53+E38) -> 0 | F98: =F83*F68*(F53+F38) -> 0 | G98: =G83*G68*(G53+G38) -> 0 | H98: =H83*H68*(H53+H38) -> 0 | I98: =I83*I68*(I53+I38) -> 0 | J98: =J83*J68*(J53+J38) -> 0 | ... N98: =N83*N68*(N53+N38) -> 150.70154
B99: 12 | C99: =C84*C69*(C54+C39) -> 0 | D99: =D84*D69*(D54+D39) -> 0 | E99: =E84*E69*(E54+E39) -> 0 | F99: =F84*F69*(F54+F39) -> 0 | G99: =G84*G69*(G54+G39) -> 0 | H99: =H84*H69*(H54+H39) -> 0 | I99: =I84*I69*(I54+I39) -> 0 | J99: =J84*J69*(J54+J39) -> 0 | ... N99: =N84*N69*(N54+N39) -> 0
B101: TMHC | C101: =SUM(C88:N99) -> 412.72331

Sheet Color
