Workbook

Sheet Perhitungan FD
A1: Perhitungan Jarak Flow Diagram
B4: ANALISIS PERBANDINGAN PERHITUNGAN JARAK FLOW DIAGRAM
B5: Berdasarkan hasil perbandingan perhitungan jarak transportasi pada flow diagram proses Turning, diketahui bahwa rancangan usulan memiliki total jarak sebesar 27,76 meter, sedangkan kondisi eksisting mencapai 33,88 meter. Hal ini menunjukkan adanya pengurangan jarak transportasi sebesar 6,12 meter atau sekitar 18,06%. Pengurangan ini mencerminkan efisiensi dalam penataan tata letak proses, yang ditunjukkan oleh distribusi jarak yang lebih merata pada rancangan usulan, khususnya pada proses T-3 hingga T-5 yang masing-masing berjarak 2,16 meter. Dengan penataan yang lebih ringkas dan terfokus, aliran material menjadi lebih lancar, waktu tempuh antar proses dapat dipersingkat, dan potensi peningkatan produktivitas pun meningkat. Oleh karena itu, rancangan usulan dapat dianggap lebih optimal dan layak untuk diterapkan guna mendukung efisiensi operasional di lantai produksi.
B11: Proses
B12: Turning
B14: Perhitungan Jarak Transportasi Eksisting | F14: Perhitungan Jarak Transportasi Usulan
B15: No Proses | C15: Jarak (m) | F15: No Proses | G15: Jarak (m)
B16: T-1 | C16: 20.48 | F16: T-1 | G16: =3.08+13.88+0.51+1.44 -> 18.91
B17: T-2 | C17: 1.95 | F17: T-2 | G17: 1.12
B18: T-3 | C18: 3.03 | F18: T-3 | G18: 2.16
B19: T-4 | C19: 2.86 | F19: T-4 | G19: 2.16
B20: T-5 | C20: 3.01 | F20: T-5 | G20: 2.16
B21: T-6 | C21: 2.55 | F21: T-6 | G21: 1.25
B32: Total | C32: =SUM(C16:C31) -> 33.88 | F32: Total | G32: =SUM(G16:G31) -> 27.76

Sheet PPM Eksisting
A1: PETA PEKERJA DAN MESIN
A3: Pekerjaan | C3: : Turning
A4: Nama Mesin | C4: : Mesin Turning
A5: Pekerja
A7: SEKARANG | D7: USULAN | M7: DIPETAKAN OLEH | O7: : Kelompok C08
M8: TANGGAL | O8: :14 Mei 2025
A10: NO | B10: ORANG | L10: MESIN
B11: ASISTEN OPERATOR | E11: Waktu (det) | G11: OPERATOR | J11: Waktu (det) | L11: MESIN TURNING | O11: Waktu (det) | Q11: Jenis Setup
E12: Operasi | F12: Lambang | J12: Operasi | K12: Lambang | O12: Operasi | P12: Lambang | Q12: Internal/Eksternal | R12: Lambang | S12: Lambang
A13: 1 | B13: Berjalan menuju rak material | E13: 13.4 | G13: Menunggu | J13: =E13 -> 13.4 | L13: Mesin dalam keadaan mati | O13: =J13 -> 13.4 | Q13: Internal | R13: SH | S13: UD | T13: =SUM(O13:O42) -> 97.76
A14: 2 | B14: Meraih material | E14: 0.6 | G14: Menunggu | J14: =E14 -> 0.6 | L14: Mesin dalam keadaan mati | O14: =E14 -> 0.6 | Q14: Internal | R14: RE | S14: UD
A15: 3 | B15: Membawa material ke meja kerja | E15: 2.5 | G15: Menunggu | J15: =E15 -> 2.5 | L15: Mesin dalam keadaan mati | O15: =E15 -> 2.5 | Q15: Internal | R15: M | S15: UD
A16: 4 | B16: Melepas material | E16: 0.6 | G16: Menunggu | J16: =E16 -> 0.6 | L16: Mesin dalam keadaan mati | O16: =E16 -> 0.6 | Q16: Internal | R16: RL | S16: UD
A17: 5 | B17: Menunggu | E17: 0.7 | G17: Meraih material | J17: =E17 -> 0.7 | L17: Mesin dalam keadaan mati | O17: =E17 -> 0.7 | Q17: Internal | R17: UD | S17: RE
A18: 6 | B18: Menunggu | E18: 0.2 | G18: Memegang material | J18: =E18 -> 0.2 | L18: Mesin dalam keadaan mati | O18: =E18 -> 0.2 | Q18: Internal | R18: UD | S18: G
A19: 7 | B19: Menunggu | E19: 0.7 | G19: Membawa material | J19: =E19 -> 0.7 | L19: Mesin dalam keadaan mati | O19: =E19 -> 0.7 | Q19: Internal | R19: UD | S19: M
A20: 8 | B20: Menunggu | E20: =J20 -> 6.27 | G20: Memeriksa ukuran material | J20: 6.27 | L20: Mesin dalam keadaan mati | O20: =J20 -> 6.27 | Q20: Internal | R20: UD | S20: I
B21: Menunggu | E21: =J21 -> 4.22 | G21: Membawa material dan gamtek ke mesin | J21: 4.22 | L21: Mesin dalam keadaan mati | O21: =J21 -> 4.22 | Q21: Internal | R21: UD | S21: M
B22: Menunggu | E22: =J22 -> 4.18 | G22: Memasang gamtek ke tempatnya | J22: 4.18 | L22: Mesin dalam keadaan mati | O22: =J22 -> 4.18 | Q22: Internal | R22: UD | S22: P
B23: Menunggu | E23: =J23 -> 1.03 | G23: Menjangkau material | J23: 1.03 | L23: Mesin dalam keadaan mati | O23: =J23 -> 1.03 | Q23: Internal | R23: UD | S23: RE
B24: Menunggu | E24: =J24 -> 0.11 | G24: Menjangkau alat ukur | J24: 0.11 | L24: Mesin dalam keadaan mati | O24: =J24 -> 0.11 | Q24: Internal | R24: UD | S24: H
B25: Menunggu | E25: =J25 -> 1.09 | G25: Membawa alat ukur | J25: 1.09 | L25: Mesin dalam keadaan mati | O25: =J25 -> 1.09 | Q25: Internal | R25: UD | S25: M
B26: Menunggu | E26: =J26 -> 3.13 | G26: Memeriksa ukuran material | J26: 3.13 | L26: Mesin dalam keadaan mati | O26: =J26 -> 3.13 | Q26: Internal | R26: UD | S26: I
B27: Menunggu | E27: =J27 -> 2.22 | G27: Menaruh HP ke tas | J27: 2.22 | L27: Mesin dalam keadaan mati | O27: =J27 -> 2.22 | Q27: Internal | R27: AD | S27: AD
B28: Menunggu | E28: =J28 -> 6.22 | G28: Menjangkau spidol | J28: 6.22 | L28: Mesin dalam keadaan mati | O28: =J28 -> 6.22 | Q28: Internal | R28: UD | S28: RE
B29: Menunggu | E29: =J29 -> 3.21 | G29: Memberi tanda dengan spidol | J29: 3.21 | L29: Mesin dalam keadaan mati | O29: =J29 -> 3.21 | Q29: Internal | R29: UD | S29: U
B30: Menunggu | E30: =J30 -> 1.1 | G30: Menaruh spidol | J30: 1.1 | L30: Mesin dalam keadaan mati | O30: =J30 -> 1.1 | Q30: Internal | R30: UD | S30: RL
B31: Menunggu | E31: =J31 -> 1.08 | G31: Menaruh alat ukur | J31: 1.08 | L31: Mesin dalam keadaan mati | O31: =J31 -> 1.08 | Q31: Internal | R31: UD | S31: RL
B32: Menunggu | E32: =J32 -> 3.03 | G32: Mengarahkan material ke mesin | J32: 3.03 | L32: Mesin dalam keadaan mati | O32: =J32 -> 3.03 | Q32: Internal | R32: UD | S32: p
... B44: Menunggu | E44: =J44 -> 56.81 | G44: Memposisikan mesin agar sesuai dengan material | J44: 56.81 | L44: Mesin dalam keadaan menyala | O44: =J44 -> 56.81 | Q44: Eksternal | R44: UD | S44: P
B45: Menunggu | E45: =J45 -> 2.01 | G45: Mengambil spidol | J45: 2.01 | L45: Mesin dalam keadaan menyala | O45: =J45 -> 2.01 | Q45: Internal | R45: UD | S45: RE | T45: =SUM(O45:O47) -> 7.24
B46: Menunggu | E46: =J46 -> 3.08 | G46: Memberi tanda dengan spidol | J46: 3.08 | L46: Mesin dalam keadaan menyala | O46: =J46 -> 3.08 | Q46: Internal | R46: UD | S46: U
B47: Menunggu | E47: =J47 -> 2.15 | G47: Menaruh spidol | J47: 2.15 | L47: Mesin dalam keadaan menyala | O47: =J47 -> 2.15 | Q47: Internal | R47: UD | S47: RL
B48: Menunggu | E48: =J48 -> 16.15 | G48: Memutar handle untuk mengarahkan posisi mesin | J48: 16.15 | L48: Mesin dalam keadaan menyala | O48: =J48 -> 16.15 | Q48: Eksternal | R48: UD | S48: P
B49: Menunggu | E49: =J49 -> 2.19 | G49: Memeriksa monitor | J49: 2.19 | L49: Mesin dalam keadaan menyala | O49: =J49 -> 2.19 | Q49: Eksternal | R49: UD | S49: I
B50: Menunggu | E50: =J50 -> 11 | G50: Memutar handle untuk mengarahkan posisi mesin | J50: 11 | L50: Mesin dalam keadaan menyala | O50: =J50 -> 11 | Q50: Eksternal | R50: UD | S50: P
B51: Menunggu | E51: =J51 -> 5.01 | G51: Mengamati mesin | J51: 5.01 | L51: Mesin dalam keadaan menyala | O51: =J51 -> 5.01 | Q51: Eksternal | R51: UD | S51: I
B52: Menunggu | E52: =J52 -> 41.34 | G52: Memutar handle untuk mengarahkan posisi mesin | J52: 41.34 | L52: Mesin dalam keadaan menyala | O52: =J52 -> 41.34 | Q52: Eksternal | R52: UD | S52: P
B53: Menunggu | E53: =J53 -> 2.06 | G53: Mengamati mesin | J53: 2.06 | L53: Mesin dalam keadaan menyala | O53: =J53 -> 2.06 | Q53: Eksternal | R53: UD | S53: I
B54: Menunggu | E54: =J54 -> 2.08 | G54: Membuang benang yang tidak terkait | J54: 2.08 | L54: Mesin dalam keadaan menyala | O54: =J54 -> 2.08 | Q54: Internal | R54: UD | S54: RL | T54: =O54 -> 2.08
B55: Menunggu | E55: =J55 -> 7.09 | G55: Mengamati mesin | J55: 7.09 | L55: Mesin dalam keadaan menyala | O55: =J55 -> 7.09 | Q55: Eksternal | R55: UD | S55: I
B56: Menunggu | E56: =J56 -> 8.08 | G56: Menjangkau handle sambil mengamati | J56: 8.08 | L56: Mesin dalam keadaan menyala | O56: =J56 -> 8.08 | Q56: Eksternal | R56: UD | S56: RE
B57: Menunggu | E57: =J57 -> 13.15 | G57: Memutar handle sambil mengamati | J57: 13.15 | L57: Mesin dalam keadaan menyala | O57: =J57 -> 13.15 | Q57: Eksternal | R57: UD | S57: P
B58: Menunggu | E58: =J58 -> 2.11 | G58: Memutar handle untuk mengarahkan posisi mesin | J58: 2.11 | L58: Mesin dalam keadaan menyala | O58: =J58 -> 2.11 | Q58: Eksternal | R58: UD | S58: P
B59: Menunggu | E59: =J59 -> 0.21 | G59: Mematikan mesin | J59: 0.21 | L59: Mesin dalam keadaan mati | O59: =J59 -> 0.21 | Q59: Internal | R59: UD | S59: P | T59: =SUM(O59:O64) -> 12.69
B60: Menunggu | E60: =J60 -> 0.19 | G60: Menjangkau alat ukur | J60: 0.19 | L60: Mesin dalam keadaan mati | O60: =J60 -> 0.19 | Q60: Internal | R60: UD | S60: RE
B61: Menunggu | E61: =J61 -> 3.22 | G61: Mengarahkan alat ukur | J61: 3.22 | L61: Mesin dalam keadaan mati | O61: =J61 -> 3.22 | Q61: Internal | R61: UD | S61: P
B62: Menunggu | E62: =J62 -> 4.01 | G62: Mengukur material | J62: 4.01 | L62: Mesin dalam keadaan mati | O62: =J62 -> 4.01 | Q62: Internal | R62: UD | S62: I
B63: Menunggu | E63: =J63 -> 1.02 | G63: Menaruh alat yang telah digunakan | J63: 1.02 | L63: Mesin dalam keadaan mati | O63: =J63 -> 1.02 | Q63: Internal | R63: UD | S63: RL
B64: Menunggu | E64: =J64 -> 4.04 | G64: Menyalakan mesin | J64: 4.04 | L64: Mesin dalam keadaan menyala | O64: =J64 -> 4.04 | Q64: Internal | R64: UD | S64: P
B65: Menunggu | E65: =J65 -> 15.07 | G65: Mengarahkan handle sambil mengamati monitor | J65: 15.07 | L65: Mesin dalam keadaan menyala | O65: =J65 -> 15.07 | Q65: Eksternal | R65: UD | S65: P
B66: Menunggu | E66: =J66 -> 32.23 | G66: Mengamati mesin dan monitor | J66: 32.23 | L66: Mesin dalam keadaan menyala | O66: =J66 -> 32.23 | Q66: Eksternal | R66: UD | S66: I
B67: Menunggu | E67: =J67 -> 9.19 | G67: Memutar handle untuk mengarahkan posisi mesin | J67: 9.19 | L67: Mesin dalam keadaan menyala | O67: =J67 -> 9.19 | Q67: Eksternal | R67: UD | S67: P
B68: Menunggu | E68: =J68 -> 1.11 | G68: Menjangkau kuas sambil mematikan mesin | J68: 1.11 | L68: Mesin dalam keadaan menyala | O68: =J68 -> 1.11 | Q68: Internal | R68: UD | S68: RE | T68: =SUM(O68:O70) -> 9.24
B69: Menunggu | E69: =J69 -> 3.13 | G69: Menggunakan kuas untuk membersikan mesin | J69: 3.13 | L69: Mesin dalam keadaan menyala | O69: =J69 -> 3.13 | Q69: Internal | R69: UD | S69: U
B70: Menunggu | E70: =J70 -> 5 | G70: Menyalakan dan memutar handle untuk mengarahkan posisi mesin sambil memegang kuas | J70: 5 | L70: Mesin dalam keadaan menyala | O70: =J70 -> 5 | Q70: Internal | R70: UD | S70: P
B71: Menunggu | E71: =J71 -> 1.06 | G71: Menaruh kuas | J71: 1.06 | L71: Mesin dalam keadaan menyala | O71: =J71 -> 1.06 | Q71: Eksternal | R71: UD | S71: RL
B72: Menunggu | E72: =J72 -> 27.1 | G72: Mengamati mesin dan monitor | J72: 27.1 | L72: Mesin dalam keadaan menyala | O72: =J72 -> 27.1 | Q72: Eksternal | R72: UD | S72: I
B73: Menunggu | E73: =J73 -> 2.11 | G73: Memutar handle untuk mengarahkan posisi mesin | J73: 2.11 | L73: Mesin dalam keadaan menyala | O73: =J73 -> 2.11 | Q73: Eksternal | R73: UD | S73: P
B74: Menunggu | E74: =J74 -> 7.09 | G74: Mengamati monitor | J74: 7.09 | L74: Mesin dalam keadaan menyala | O74: =J74 -> 7.09 | Q74: Eksternal | R74: UD | S74: I
B75: Menunggu | E75: =J75 -> 1.02 | G75: Mematikan mesin | J75: 1.02 | L75: Mesin dalam keadaan mati | O75: =J75 -> 1.02 | Q75: Internal | R75: UD | S75: P | T75: =SUM(O75:O81) -> 14.58
B76: Menunggu | E76: =J76 -> 4.05 | G76: Membersihkan mesin | J76: 4.05 | L76: Mesin dalam keadaan mati | O76: =J76 -> 4.05 | Q76: Internal | R76: UD | S76: RL
B77: Menunggu | E77: =J77 -> 1.07 | G77: Menjangkau alat ukur | J77: 1.07 | L77: Mesin dalam keadaan mati | O77: =J77 -> 1.07 | Q77: Internal | R77: UD | S77: RE
B78: Menunggu | E78: =J78 -> 4.2 | G78: Mengukur material | J78: 4.2 | L78: Mesin dalam keadaan mati | O78: =J78 -> 4.2 | Q78: Internal | R78: UD | S78: I
B79: Menunggu | E79: =J79 -> 1.01 | G79: Menaruh alat yang telah digunakan | J79: 1.01 | L79: Mesin dalam keadaan mati | O79: =J79 -> 1.01 | Q79: Internal | R79: UD | S79: RL
B80: Menunggu | E80: =J80 -> 2 | G80: Memutar handle untuk mengarahkan posisi mesin | J80: 2 | L80: Mesin dalam keadaan mati | O80: =J80 -> 2 | Q80: Internal | R80: UD | S80: P
B81: Menunggu | E81: =J81 -> 1.23 | G81: Menyalakan mesin | J81: 1.23 | L81: Mesin dalam keadaan menyala | O81: =J81 -> 1.23 | Q81: Internal | R81: UD | S81: P
B82: Menunggu | E82: =J82 -> 28.1 | G82: Mengamati mesin dan material | J82: 28.1 | L82: Mesin dalam keadaan menyala | O82: =J82 -> 28.1 | Q82: Eksternal | R82: UD | S82: I
B83: Menunggu | E83: =J83 -> 26.07 | G83: Memutar handle sambil mengamati monitor | J83: 26.07 | L83: Mesin dalam keadaan menyala | O83: =J83 -> 26.07 | Q83: Eksternal | R83: UD | S83: P
B84: Menunggu | E84: =J84 -> 0.19 | G84: Mengamati monitor | J84: 0.19 | L84: Mesin dalam keadaan menyala | O84: =J84 -> 0.19 | Q84: Eksternal | R84: UD | S84: I
B85: Menunggu | E85: =J85 -> 0.23 | G85: Mematikan mesin dan menjangkau alat ukur | J85: 0.23 | L85: Mesin dalam keadaan mati | O85: =J85 -> 0.23 | Q85: Internal | R85: UD | S85: P | T85: =SUM(O85:O88) -> 13.41
B86: Menunggu | E86: =J86 -> 9.14 | G86: Mengukur material | J86: 9.14 | L86: Mesin dalam keadaan mati | O86: =J86 -> 9.14 | Q86: Internal | R86: UD | S86: I
B87: Menunggu | E87: =J87 -> 2 | G87: Menaruh alat yang telah digunakan | J87: 2 | L87: Mesin dalam keadaan mati | O87: =J87 -> 2 | Q87: Internal | R87: UD | S87: RL
B88: Menunggu | E88: =J88 -> 2.04 | G88: Menyalakan mesin | J88: 2.04 | L88: Mesin dalam keadaan menyala | O88: =J88 -> 2.04 | Q88: Internal | R88: UD | S88: P
B89: Menunggu | E89: =J89 -> 21.08 | G89: Memutar handle sambil mengamati monitor | J89: 21.08 | L89: Mesin dalam keadaan menyala | O89: =J89 -> 21.08 | Q89: Eksternal | R89: UD | S89: P
B90: Menunggu | E90: =J90 -> 0.41 | G90: Memutar handle untuk mengarahkan posisi mesin sambil mematikan mesin | J90: 0.41 | L90: Mesin dalam keadaan mati | O90: =J90 -> 0.41 | Q90: Eksternal | R90: UD | S90: P
B91: Menunggu | E91: =J91 -> 1.11 | G91: Menjangkau alat ukur | J91: 1.11 | L91: Mesin dalam keadaan mati | O91: =J91 -> 1.11 | Q91: Internal | R91: UD | S91: RE | T91: =SUM(O91:O94) -> 12.36
B92: Menunggu | E92: =J92 -> 6.08 | G92: Mengukur material | J92: 6.08 | L92: Mesin dalam keadaan mati | O92: =J92 -> 6.08 | Q92: Internal | R92: UD | S92: I
B93: Menunggu | E93: =J93 -> 1.17 | G93: Menaruh alat yang telah digunakan | J93: 1.17 | L93: Mesin dalam keadaan mati | O93: =J93 -> 1.17 | Q93: Internal | R93: UD | S93: RL
B94: Menunggu | E94: =J94 -> 4 | G94: Menyalakan mesin sambil memutar handle | J94: 4 | L94: Mesin dalam keadaan menyala | O94: =J94 -> 4 | Q94: Internal | R94: UD | S94: P
B95: Menunggu | E95: =J95 -> 27.23 | G95: Memutar handle sambil mengamati monitor dan material | J95: 27.23 | L95: Mesin dalam keadaan menyala | O95: =J95 -> 27.23 | Q95: Eksternal | R95: UD | S95: P
B96: Menunggu | E96: =J96 -> 4.7 | G96: Memeriksa | J96: 4.7 | L96: Mesin dalam keadaan menyala | O96: =J96 -> 4.7 | Q96: Eksternal | R96: UD | S96: I
B97: Menunggu | E97: =J97 -> 5.8 | G97: Memakai | J97: 5.8 | L97: Mesin dalam keadaan menyala | O97: =J97 -> 5.8 | Q97: Eksternal | R97: UD | S97: U
B98: Menunggu | E98: =J98 -> 3.1 | G98: Istirahat | J98: 3.1 | L98: Mesin dalam keadaan menyala | O98: =J98 -> 3.1 | Q98: Eksternal | R98: AD | S98: R
B99: Menunggu | E99: =J99 -> 1 | G99: Menjangkau | J99: 1 | L99: Mesin dalam keadaan menyala | O99: =J99 -> 1 | Q99: Eksternal | R99: UD | S99: RE
B100: Menunggu | E100: =J100 -> 0.6 | G100: Memegang untuk memakai | J100: 0.6 | L100: Mesin dalam keadaan menyala | O100: =J100 -> 0.6 | Q100: Eksternal | R100: UD | S100: H
B101: Menunggu | E101: =J101 -> 26.2 | G101: Memakai | J101: 26.2 | L101: Mesin dalam keadaan menyala | O101: =J101 -> 26.2 | Q101: Eksternal | R101: UD | S101: U
B102: Menunggu | E102: =J102 -> 2 | G102: Memeriksa | J102: 2 | L102: Mesin dalam keadaan menyala | O102: =J102 -> 2 | Q102: Eksternal | R102: UD | S102: I
B103: Menunggu | E103: =J103 -> 17.4 | G103: Memakai | J103: 17.4 | L103: Mesin dalam keadaan menyala | O103: =J103 -> 17.4 | Q103: Eksternal | R103: UD | S103: U
... B112: Menunggu | E112: =J112 -> 0.6 | G112: Memegang untuk memakai | J112: 0.6 | L112: Mesin dalam keadaan menyala | O112: =J112 -> 0.6 | Q112: Eksternal | R112: UD | S112: H
B113: Menunggu | E113: =J113 -> 21.2 | G113: Memakai | J113: =19.5+1.7 -> 21.2 | L113: Mesin dalam keadaan mati | O113: =J113 -> 21.2 | Q113: Internal | R113: UD | S113: U | T113: =SUM(O113:O121) -> 61
B114: Menunggu | E114: =J114 -> 0.4 | G114: Memegang untuk memakai | J114: 0.4 | L114: Mesin dalam keadaan mati | O114: =J114 -> 0.4 | Q114: Internal | R114: UD | S114: H
B115: Menunggu | E115: =J115 -> 7.9 | G115: Memakai | J115: 7.9 | L115: Mesin dalam keadaan mati | O115: =J115 -> 7.9 | Q115: Internal | R115: UD | S115: U
B116: Menunggu | E116: =J116 -> 2.7 | G116: Menjangkau | J116: 2.7 | L116: Mesin dalam keadaan mati | O116: =J116 -> 2.7 | Q116: Internal | R116: UD | S116: RE
B117: Menunggu | E117: =J117 -> 24 | G117: Memakai | J117: 24 | L117: Mesin dalam keadaan mati | O117: =J117 -> 24 | Q117: Internal | R117: UD | S117: U
B118: Menunggu | E118: =J118 -> 1 | G118: Menjangkau | J118: 1 | L118: Mesin dalam keadaan mati | O118: =J118 -> 1 | Q118: Internal | R118: UD | S118: RE
B119: Menunggu | E119: =J119 -> 0.9 | G119: Memakai | J119: 0.9 | L119: Mesin dalam keadaan mati | O119: =J119 -> 0.9 | Q119: Internal | R119: UD | S119: U
B120: Menunggu | E120: =J120 -> 1.3 | G120: Menjangkau | J120: 1.3 | L120: Mesin dalam keadaan mati | O120: =J120 -> 1.3 | Q120: Internal | R120: UD | S120: RE
B121: Menunggu | E121: =J121 -> 1.6 | G121: Memegang untuk memakai | J121: 1.6 | L121: Mesin dalam keadaan mati | O121: =J121 -> 1.6 | Q121: Internal | R121: UD | S121: H
B122: Menunggu | E122: =J122 -> 3.4 | G122: Membawa | J122: 3.4 | L122: Mesin dalam keadaan menyala | O122: =J122 -> 3.4 | Q122: Eksternal | R122: UD | S122: M
...

Sheet PPM Usulan
A1: PETA PEKERJA DAN MESIN
A3: Pekerjaan | C3: Turning
A4: Nama Mesin | C4: Mesin Turning
A5: Pekerja
A7: SEKARANG | D7: USULAN | M7: DIPETAKAN OLEH | O7: : Kelompok C08
M8: TANGGAL | O8: :14 Mei 2025
A10: NO | B10: ORANG | G10: MESIN
B11: OPERATOR 1 | E11: Waktu (det) | G11: MESIN TURNING | J11: Waktu (det) | L11: Jenis Setup
E12: Operasi | F12: Lambang | J12: Operasi | K12: Lambang | L12: Internal/Eksternal
A13: 1 | B13: Menunggu | E13: 13.4 | G13: Mesin dalam keadaan mati | J13: =E13 -> 13.4 | L13: Internal | M13: =SUM(J13:J41) -> 85.41
A14: 2 | B14: Menunggu | E14: 0.6 | G14: Mesin dalam keadaan mati | J14: =E14 -> 0.6 | L14: Internal
A15: 3 | B15: Menunggu | E15: 2.5 | G15: Mesin dalam keadaan mati | J15: =E15 -> 2.5 | L15: Internal
A16: 4 | B16: Menunggu | E16: 0.6 | G16: Mesin dalam keadaan mati | J16: =E16 -> 0.6 | L16: Internal
A17: 5 | B17: Meraih material | E17: 0.7 | G17: Mesin dalam keadaan mati | J17: =E17 -> 0.7 | L17: Internal
A18: 6 | B18: Memegang material | E18: 0.2 | G18: Mesin dalam keadaan mati | J18: =E18 -> 0.2 | L18: Internal
A19: 7 | B19: Membawa material | E19: 0.7 | G19: Mesin dalam keadaan mati | J19: =E19 -> 0.7 | L19: Internal
A20: 8 | B20: Memeriksa ukuran material | E20: 6.27 | G20: Mesin dalam keadaan mati | J20: 6.27 | L20: Internal
B21: Membawa material dan gamtek ke mesin | E21: 4.22 | G21: Mesin dalam keadaan mati | J21: 4.22 | L21: Internal
B22: Memasang gamtek ke tempatnya | E22: 4.18 | G22: Mesin dalam keadaan mati | J22: 4.18 | L22: Internal
B23: Menjangkau material | E23: 1.03 | G23: Mesin dalam keadaan mati | J23: 1.03 | L23: Internal
B24: Menjangkau alat ukur | E24: 0.11 | G24: Mesin dalam keadaan mati | J24: 0.11 | L24: Internal
B25: Membawa alat ukur | E25: 1.09 | G25: Mesin dalam keadaan mati | J25: 1.09 | L25: Internal
B26: Memeriksa ukuran material | E26: 3.13 | G26: Mesin dalam keadaan mati | J26: 3.13 | L26: Internal
B27: Menjangkau spidol | E27: 0.5 | G27: Mesin dalam keadaan mati | J27: 0.5 | L27: Internal
B28: Memberi tanda dengan spidol | E28: 3.21 | G28: Mesin dalam keadaan mati | J28: 3.21 | L28: Internal
B29: Menaruh spidol | E29: 0.5 | G29: Mesin dalam keadaan mati | J29: 0.5 | L29: Internal
B30: Menaruh alat ukur | E30: 0.5 | G30: Mesin dalam keadaan mati | J30: 0.5 | L30: Internal
B31: Mengarahkan material ke mesin | E31: 3.03 | G31: Mesin dalam keadaan mati | J31: 3.03 | L31: Internal
B32: Mempersiapkan susunan material dan mesin | E32: 12.1 | G32: Mesin dalam keadaan mati | J32: 12.1 | L32: Internal
... B43: Memposisikan mesin agar sesuai dengan material | E43: 56.81 | G43: Mesin dalam keadaan menyala | J43: 56.81 | L43: Eksternal
B44: Mengambil spidol | E44: 0.5 | G44: Mesin dalam keadaan menyala | J44: 0.5 | L44: Internal | M44: =SUM(J44:J46) -> 4.08
B45: Memberi tanda dengan spidol | E45: 3.08 | G45: Mesin dalam keadaan menyala | J45: 3.08 | L45: Internal
B46: Menaruh spidol | E46: 0.5 | G46: Mesin dalam keadaan menyala | J46: 0.5 | L46: Internal
B47: Memutar handle untuk mengarahkan posisi mesin | E47: 16.15 | G47: Mesin dalam keadaan menyala | J47: 16.15 | L47: Eksternal
B48: Memeriksa monitor | E48: 2.19 | G48: Mesin dalam keadaan menyala | J48: 2.19 | L48: Eksternal
B49: Memutar handle untuk mengarahkan posisi mesin | E49: 11 | G49: Mesin dalam keadaan menyala | J49: 11 | L49: Eksternal
B50: Mengamati mesin | E50: 5.01 | G50: Mesin dalam keadaan menyala | J50: 5.01 | L50: Eksternal
B51: Memutar handle untuk mengarahkan posisi mesin | E51: 41.34 | G51: Mesin dalam keadaan menyala | J51: 41.34 | L51: Eksternal
B52: Mengamati mesin | E52: 2.06 | G52: Mesin dalam keadaan menyala | J52: 2.06 | L52: Eksternal
B53: Mengamati mesin | E53: 7.09 | G53: Mesin dalam keadaan menyala | J53: 7.09 | L53: Eksternal
B54: Menjangkau handle sambil mengamati | E54: 8.08 | G54: Mesin dalam keadaan menyala | J54: 8.08 | L54: Eksternal
B55: Memutar handle sambil mengamati | E55: 13.15 | G55: Mesin dalam keadaan menyala | J55: 13.15 | L55: Eksternal
B56: Memutar handle untuk mengarahkan posisi mesin | E56: 2.11 | G56: Mesin dalam keadaan menyala | J56: 2.11 | L56: Eksternal
B57: Mematikan mesin | E57: 0.21 | G57: Mesin dalam keadaan mati | J57: 0.21 | L57: Internal | M57: =SUM(J57:J62) -> 12.17
B58: Menjangkau alat ukur | E58: 0.19 | G58: Mesin dalam keadaan mati | J58: 0.19 | L58: Internal
B59: Mengarahkan alat ukur | E59: 3.22 | G59: Mesin dalam keadaan mati | J59: 3.22 | L59: Internal
B60: Mengukur material | E60: 4.01 | G60: Mesin dalam keadaan mati | J60: 4.01 | L60: Internal
B61: Menaruh alat yang telah digunakan | E61: 0.5 | G61: Mesin dalam keadaan mati | J61: 0.5 | L61: Internal
B62: Menyalakan mesin | E62: 4.04 | G62: Mesin dalam keadaan menyala | J62: 4.04 | L62: Internal
B63: Mengarahkan handle sambil mengamati monitor | E63: 15.07 | G63: Mesin dalam keadaan menyala | J63: 15.07 | L63: Eksternal
B64: Mengamati mesin dan monitor | E64: 32.23 | G64: Mesin dalam keadaan menyala | J64: 32.23 | L64: Eksternal
B65: Memutar handle untuk mengarahkan posisi mesin | E65: 9.19 | G65: Mesin dalam keadaan menyala | J65: 9.19 | L65: Eksternal
B66: Menjangkau kuas sambil mematikan mesin | E66: 0.5 | G66: Mesin dalam keadaan menyala | J66: 0.5 | L66: Internal | M66: =SUM(J66:J68) -> 8.63
B67: Menggunakan kuas untuk membersikan mesin | E67: 3.13 | G67: Mesin dalam keadaan menyala | J67: 3.13 | L67: Internal
B68: Menyalakan dan memutar handle untuk mengarahkan posisi mesin sambil memegang kuas | E68: 5 | G68: Mesin dalam keadaan menyala | J68: 5 | L68: Internal
B69: Menaruh kuas | E69: 0.5 | G69: Mesin dalam keadaan menyala | J69: 0.5 | L69: Eksternal
B70: Mengamati mesin dan monitor | E70: 27.1 | G70: Mesin dalam keadaan menyala | J70: 27.1 | L70: Eksternal
B71: Memutar handle untuk mengarahkan posisi mesin | E71: 2.11 | G71: Mesin dalam keadaan menyala | J71: 2.11 | L71: Eksternal
B72: Mengamati monitor | E72: 7.09 | G72: Mesin dalam keadaan menyala | J72: 7.09 | L72: Eksternal
B73: Mematikan mesin | E73: 1.02 | G73: Mesin dalam keadaan mati | J73: 1.02 | L73: Internal | M73: =SUM(J73:J79) -> 13.5
B74: Membersihkan mesin | E74: 4.05 | G74: Mesin dalam keadaan mati | J74: 4.05 | L74: Internal
B75: Menjangkau alat ukur | E75: 0.5 | G75: Mesin dalam keadaan mati | J75: 0.5 | L75: Internal
B76: Mengukur material | E76: 4.2 | G76: Mesin dalam keadaan mati | J76: 4.2 | L76: Internal
B77: Menaruh alat yang telah digunakan | E77: 0.5 | G77: Mesin dalam keadaan mati | J77: 0.5 | L77: Internal
B78: Memutar handle untuk mengarahkan posisi mesin | E78: 2 | G78: Mesin dalam keadaan mati | J78: 2 | L78: Internal
B79: Menyalakan mesin | E79: 1.23 | G79: Mesin dalam keadaan menyala | J79: 1.23 | L79: Internal
B80: Mengamati mesin dan material | E80: 28.1 | G80: Mesin dalam keadaan menyala | J80: 28.1 | L80: Eksternal
B81: Memutar handle sambil mengamati monitor | E81: 26.07 | G81: Mesin dalam keadaan menyala | J81: 26.07 | L81: Eksternal
B82: Mengamati monitor | E82: 0.19 | G82: Mesin dalam keadaan menyala | J82: 0.19 | L82: Eksternal
B83: Mematikan mesin dan menjangkau alat ukur | E83: 0.23 | G83: Mesin dalam keadaan mati | J83: 0.23 | L83: Internal | M83: =SUM(J83:J86) -> 11.91
B84: Mengukur material | E84: 9.14 | G84: Mesin dalam keadaan mati | J84: 9.14 | L84: Internal
B85: Menaruh alat yang telah digunakan | E85: 0.5 | G85: Mesin dalam keadaan mati | J85: 0.5 | L85: Internal
B86: Menyalakan mesin | E86: 2.04 | G86: Mesin dalam keadaan menyala | J86: 2.04 | L86: Internal
B87: Memutar handle sambil mengamati monitor | E87: 21.08 | G87: Mesin dalam keadaan menyala | J87: 21.08 | L87: Eksternal
B88: Memutar handle untuk mengarahkan posisi mesin sambil mematikan mesin | E88: 0.41 | G88: Mesin dalam keadaan mati | J88: 0.41 | L88: Eksternal
B89: Menjangkau alat ukur | E89: 0.5 | G89: Mesin dalam keadaan mati | J89: 0.5 | L89: Internal | M89: =SUM(J89:J92) -> 11.08
B90: Mengukur material | E90: 6.08 | G90: Mesin dalam keadaan mati | J90: 6.08 | L90: Internal
B91: Menaruh alat yang telah digunakan | E91: 0.5 | G91: Mesin dalam keadaan mati | J91: 0.5 | L91: Internal
B92: Menyalakan mesin sambil memutar handle | E92: 4 | G92: Mesin dalam keadaan menyala | J92: 4 | L92: Internal
B93: Memutar handle sambil mengamati monitor dan material | E93: 27.23 | G93: Mesin dalam keadaan menyala | J93: 27.23 | L93: Eksternal
B94: Memeriksa | E94: 4.7 | G94: Mesin dalam keadaan menyala | J94: 4.7 | L94: Eksternal
B95: Memakai | E95: 5.8 | G95: Mesin dalam keadaan menyala | J95: 5.8 | L95: Eksternal
B96: Menjangkau | E96: 0.5 | G96: Mesin dalam keadaan menyala | J96: 0.5 | L96: Eksternal
B97: Memegang untuk memakai | E97: 0.5 | G97: Mesin dalam keadaan menyala | J97: 0.5 | L97: Eksternal
B98: Memakai | E98: 26.2 | G98: Mesin dalam keadaan menyala | J98: 26.2 | L98: Eksternal
B99: Memeriksa | E99: 2 | G99: Mesin dalam keadaan menyala | J99: 2 | L99: Eksternal
B100: Memakai | E100: 17.4 | G100: Mesin dalam keadaan menyala | J100: 17.4 | L100: Eksternal
B101: Memeriksa | E101: 2 | G101: Mesin dalam keadaan menyala | J101: 2 | L101: Eksternal
... B109: Memegang untuk memakai | E109: 0.5 | G109: Mesin dalam keadaan menyala | J109: 0.5 | L109: Eksternal
B110: Memakai | E110: =19.5+1.7 -> 21.2 | G110: Mesin dalam keadaan mati | J110: =19.5+1.7 -> 21.2 | L110: Internal | M110: =SUM(J110:J118) -> 56.4
B111: Memegang untuk memakai | E111: 0.4 | G111: Mesin dalam keadaan mati | J111: 0.4 | L111: Internal
B112: Memakai | E112: 7.9 | G112: Mesin dalam keadaan mati | J112: 7.9 | L112: Internal
B113: Menjangkau | E113: 0.5 | G113: Mesin dalam keadaan mati | J113: 0.5 | L113: Internal
B114: Memakai | E114: 24 | G114: Mesin dalam keadaan mati | J114: 24 | L114: Internal
B115: Menjangkau | E115: 0.5 | G115: Mesin dalam keadaan mati | J115: 0.5 | L115: Internal
B116: Memakai | E116: 0.9 | G116: Mesin dalam keadaan mati | J116: 0.9 | L116: Internal
B117: Menjangkau | E117: 0.5 | G117: Mesin dalam keadaan mati | J117: 0.5 | L117: Internal
B118: Memegang untuk memakai | E118: 0.5 | G118: Mesin dalam keadaan mati | J118: 0.5 | L118: Internal
B119: Membawa | E119: 3.4 | G119: Mesin dalam keadaan menyala | J119: 3.4 | L119: Eksternal
B120: Memakai | E120: 6.4 | G120: Mesin dalam keadaan mati | J120: 6.4 | L120: Internal | M120: =SUM(J120:J153) -> 101.2
...

Sheet Tabel Gerakan Therblig PPM
A1: Gerakan Therblig - Material Handler | F1: Gerakan Therblig - Operator 1
A2: Jenis Gerakan | B2: Lambang | C2: Turus | D2: Frekuensi | F2: Jenis Gerakan | G2: Lambang | H2: Turus | I2: Frekuensi
A3: Mencari | B3: SH | C3: =REPT("I",D3) -> I | D3: =COUNTIF('PPM Eksisting'!$R$13:$R$266,'Tabel Gerakan Therblig PPM'!B3) -> 1 | F3: Mencari | G3: SH | H3: =REPT("I",I3) | I3: =COUNTIF('PPM Eksisting'!$S$13:$S$22,'Tabel Gerakan Therblig PPM'!G3) -> 0
A4: Memilih | B4: ST | C4: =REPT("I",D4) | D4: =COUNTIF('PPM Eksisting'!$R$13:$R$266,'Tabel Gerakan Therblig PPM'!B4) -> 0 | F4: Memilih | G4: ST | H4: =REPT("I",I4) | I4: =COUNTIF('PPM Eksisting'!$S$13:$S$266,'Tabel Gerakan Therblig PPM'!G4) -> 0
A5: Memegang | B5: G | C5: =REPT("I",D5) -> I | D5: =COUNTIF('PPM Eksisting'!$R$13:$R$266,'Tabel Gerakan Therblig PPM'!B5) -> 1 | F5: Memegang | G5: G | H5: =REPT("I",I5) -> IIIIII | I5: =COUNTIF('PPM Eksisting'!$S$13:$S$266,'Tabel Gerakan Therblig PPM'!G5) -> 6
A6: Menjangkau | B6: RE | C6: =REPT("I",D6) -> II | D6: =COUNTIF('PPM Eksisting'!$R$13:$R$266,'Tabel Gerakan Therblig PPM'!B6) -> 2 | F6: Menjangkau | G6: RE | H6: =REPT("I",I6) -> IIIIIIIIIIIIIIIIIIIIIIIIIIIIIIIIIII | I6: =COUNTIF('PPM Eksisting'!$S$13:$S$266,'Tabel Gerakan Therblig PPM'!G6) -> 35
A7: Membawa | B7: M | C7: =REPT("I",D7) -> II | D7: =COUNTIF('PPM Eksisting'!$R$13:$R$266,'Tabel Gerakan Therblig PPM'!B7) -> 2 | F7: Membawa | G7: M | H7: =REPT("I",I7) -> IIIIIIIIII | I7: =COUNTIF('PPM Eksisting'!$S$13:$S$266,'Tabel Gerakan Therblig PPM'!G7) -> 10
A8: Memegang untuk memakai | B8: H | C8: =REPT("I",D8) | D8: =COUNTIF('PPM Eksisting'!$R$13:$R$266,'Tabel Gerakan Therblig PPM'!B8) -> 0 | F8: Memegang untuk memakai | G8: H | H8: =REPT("I",I8) -> IIIIIIIIIIII | I8: =COUNTIF('PPM Eksisting'!$S$13:$S$266,'Tabel Gerakan Therblig PPM'!G8) -> 12
A9: Melepas | B9: RL | C9: =REPT("I",D9) -> II | D9: =COUNTIF('PPM Eksisting'!$R$13:$R$266,'Tabel Gerakan Therblig PPM'!B9) -> 2 | F9: Melepas | G9: RL | H9: =REPT("I",I9) -> IIIIIIIIIIIIIIIIIIIIII | I9: =COUNTIF('PPM Eksisting'!$S$13:$S$266,'Tabel Gerakan Therblig PPM'!G9) -> 22
A10: Mengarahkan | B10: P | C10: =REPT("I",D10) | D10: =COUNTIF('PPM Eksisting'!$R$13:$R$266,'Tabel Gerakan Therblig PPM'!B10) -> 0 | F10: Mengarahkan | G10: P | H10: =REPT("I",I10) -> IIIIIIIIIIIIIIIIIIIIIIIIIIIIIIIIII | I10: =COUNTIF('PPM Eksisting'!$S$13:$S$266,'Tabel Gerakan Therblig PPM'!G10) -> 34
A11: Mengarahkan sementara | B11: PP | C11: =REPT("I",D11) | D11: =COUNTIF('PPM Eksisting'!$R$13:$R$266,'Tabel Gerakan Therblig PPM'!B11) -> 0 | F11: Mengarahkan sementara | G11: PP | H11: =REPT("I",I11) | I11: =COUNTIF('PPM Eksisting'!$S$13:$S$266,'Tabel Gerakan Therblig PPM'!G11) -> 0
A12: Memeriksa | B12: I | C12: =REPT("I",D12) | D12: =COUNTIF('PPM Eksisting'!$R$13:$R$266,'Tabel Gerakan Therblig PPM'!B12) -> 0 | F12: Memeriksa | G12: I | H12: =REPT("I",I12) -> IIIIIIIIIIIIIIIIIIIIIIIIIIIIIIIIIIIIIIIIIIIII | I12: =COUNTIF('PPM Eksisting'!$S$13:$S$266,'Tabel Gerakan Therblig PPM'!G12) -> 45
A13: Merakit | B13: A | C13: =REPT("I",D13) | D13: =COUNTIF('PPM Eksisting'!$R$13:$R$266,'Tabel Gerakan Therblig PPM'!B13) -> 0 | F13: Merakit | G13: A | H13: =REPT("I",I13) -> I | I13: =COUNTIF('PPM Eksisting'!$S$13:$S$266,'Tabel Gerakan Therblig PPM'!G13) -> 1
A14: Melepas rakitan | B14: DA | C14: =REPT("I",D14) | D14: =COUNTIF('PPM Eksisting'!$R$13:$R$266,'Tabel Gerakan Therblig PPM'!B14) -> 0 | F14: Melepas rakitan | G14: DA | H14: =REPT("I",I14) | I14: =COUNTIF('PPM Eksisting'!$S$13:$S$266,'Tabel Gerakan Therblig PPM'!G14) -> 0
A15: Memakai | B15: U | C15: =REPT("I",D15) | D15: =COUNTIF('PPM Eksisting'!$R$13:$R$266,'Tabel Gerakan Therblig PPM'!B15) -> 0 | F15: Memakai | G15: U | H15: =REPT("I",I15) -> IIIIIIIIIIIIIIIIIIIIIIIIIIIIIIIIIIIIIIIIIIIIIIIIIIIIIIIIIIIIIIIIIIIIIIIIIIIII | I15: =COUNTIF('PPM Eksisting'!$S$13:$S$266,'Tabel Gerakan Therblig PPM'!G15) -> 77
... A19: Istirahat | B19: R | C19: =REPT("I",D19) | D19: =COUNTIF('PPM Eksisting'!$R$13:$R$266,'Tabel Gerakan Therblig PPM'!B19) -> 0 | F19: Istirahat | G19: R | H19: =REPT("I",I19) -> IIIIIII | I19: =COUNTIF('PPM Eksisting'!$S$13:$S$266,'Tabel Gerakan Therblig PPM'!G19) -> 7
A20: Total | D20: =SUM(D3:D19) -> 254 | F20: Total | I20: =SUM(I3:I19) -> 254
A22: YANG JADI PROBLEM TUH GERAKAN TAMBAHAN DAN LUAR YANG KURANG BENEFICIAL DAN BISA DIHILANGKAN

Sheet Tabel Pemborosan Kerja PPM
A1: TABEL PEMBOROSAN PADA OPERASI
A3: Asisten Operator | G3: Operator
A4: Nama Pemborosan | B4: Jenis Pemborosan | C4: Turus | D4: Frekuensi | E4: Persentase | F4: Persentase Kumulatif | G4: Nama Pemborosan | H4: Jenis Pemborosan | I4: Turus | J4: Frekuensi | K4: Persentase | L4: Persentase Kumulatif
A5: Keterlambatan yang tidak dapat dihindari | B5: Non-added value motion | C5: IIIIIIIIIIIIIIIIIIIIIIIIIIIIIIIIIIIIIIIIIIIIIIIIIIIIIIIIIIIIIIIIIIIIIIIIIIIIIIIIIIIIIIIIIIIIIIIIIIIIIIIIIIIIIIIIIIIIIIIIIIIIIIIIIIIIIIIIIIIIIIIIIIIIIIIIIIIIIIIIIIIIIIIIIIIIIIIIIIIIIIIIIIIIIIIIIIIIIIIIIIIIIIIIIIIIIIIIIIIIIIIIIIIIIIIIIIIIIIIIIII | D5: 243 | E5: =D5/$D$19 -> 1 | F5: =E5 -> 1 | G5: Menjangkau | H5: Non-added value motion | I5: IIIIIIIIIIIIIIIIIIIIIIIIIIIIIIIIIII | J5: 35 | K5: =J5/$J$19 -> 0.21212121 | L5: =K5 -> 0.21212121
G6: Membawa | H6: Non-added value motion | I6: IIIIIIIIII | J6: 10 | K6: =J6/$J$19 -> 0.060606061 | L6: =K6 -> 0.060606061
G7: Memegang untuk memakai | H7: Non-added value motion | I7: IIIIIIIIIIII | J7: 12 | K7: =J7/$J$19 -> 0.072727273 | L7: =K7 -> 0.072727273
G8: Melepas | H8: Non-added value motion | I8: IIIIIIIIIIIIIIIIIIIIII | J8: 22 | K8: =J8/$J$19 -> 0.13333333 | L8: =K8 -> 0.13333333
G9: Mengarahkan | H9: Non-added value motion | I9: IIIIIIIIIIIIIIIIIIIIIIIIIIIIIIIIII | J9: 34 | K9: =J9/$J$19 -> 0.20606061 | L9: =K9 -> 0.20606061
G10: Memeriksa | H10: Non-added value motion | I10: IIIIIIIIIIIIIIIIIIIIIIIIIIIIIIIIIIIIIIIIIIIII | J10: 45 | K10: =J10/$J$19 -> 0.27272727 | L10: =K10 -> 0.27272727
G11: Istirahat | H11: Non-added value motion | I11: IIIIIII | J11: 7 | K11: =J11/$J$19 -> 0.042424242 | L11: =K11 -> 0.042424242
E13: =D13/$D$19 -> 0 | F13: =F12+E13 -> 0 | K13: =J13/$D$19 -> 0 | L13: =L12+K13 -> 0
E14: =D14/$D$19 -> 0 | F14: =F13+E14 -> 0 | K14: =J14/$D$19 -> 0 | L14: =L13+K14 -> 0
E15: =D15/$D$19 -> 0 | F15: =F14+E15 -> 0 | K15: =J15/$D$19 -> 0 | L15: =L14+K15 -> 0
E16: =D16/$D$19 -> 0 | F16: =F15+E16 -> 0 | K16: =J16/$D$19 -> 0 | L16: =L15+K16 -> 0
E17: =D17/$D$19 -> 0 | F17: =F16+E17 -> 0 | K17: =J17/$D$19 -> 0 | L17: =L16+K17 -> 0
E18: =D18/$D$19 -> 0 | F18: =F17+E18 -> 0 | K18: =J18/$D$19 -> 0 | L18: =L17+K18 -> 0
C19: Total | D19: =SUM(D5:D18) -> 243 | I19: Total | J19: =SUM(J5:J18) -> 165
A40: Usulan pada keseluruhan sistem kerja
A41: Pada asisten operator dapat dilihat bahwa keterlambatan yang tidak bisa dihindari memakan waktu yang banyak dalam pemborosan.
A42: Dalam data pemborosan operator dapat dilihat bahwa gerakan yang paling banyak memakan waktu adalah memeriksa, mengarahkan, menjangkau.
A43: Sehingga, usulan yang dapat kami berikan adalah
A44: mengurangi tenaga kerja dengan menghapus keberadaan asisten operator,
A45: dan menempatkan alat sesuai tempat yang disediakan untuk membantu operator mengurangi waktu menjangkau dan mengarahkan, serta '
A46: menyediakan kertas dan pulpen ataupun sejenisnya untuk membantu operator menuliskan hasil perhitungan agar inspeksi tidak dilakukan berulang dan memakan waktu berlebih
C54: Pada asisten operator dapat dilihat bahwa keterlambatan yang tidak bisa dihindari memakan waktu yang banyak dalam pemborosan.Dalam data pemborosan operator dapat dilihat bahwa gerakan yang paling banyak memakan waktu adalah memeriksa, mengarahkan, menjangkau. Sehingga, usulan yang dapat kami berikan adalah mengurangi tenaga kerja dengan menghapus keberadaan asisten operator, dan menempatkan alat sesuai tempat yang disediakan untuk membantu operator mengurangi waktu menjangkau dan mengarahkan, serta ' menyediakan kertas dan pulpen ataupun sejenisnya untuk membantu operator menuliskan hasil perhitungan agar inspeksi tidak dilakukan berulang dan memakan waktu berlebih
