Workbook

Sheet Format LRP
A1: LEMBAR RENCANA PROSES | K1: GAMBAR PART
A3: No . | E3: Halaman ke-
A4: No . Part | E4: File Gambar
A5: Nama Part | E5: Material
E6: Ukuran | F6: Panjang | I6: mm
A7: Dibuat oleh | F7: Lebar/Diameter | I7: mm
A8: Tanggal | F8: Tinggi | I8: mm
A10: No. Proses | B10: Urutan Operasi | C10: Stasiun Kerja | D10: Setup | F10: Tools | G10: Waktu Setup (detik) | H10: Waktu Proses (detik) | I10: Waktu Total (detik)
D11: n | E11: alat bantu | K11: SERACHING MATERIAL AWAL
A12: 1 | K12: MASUKIN KE DIMENSI AWAL
A13: 2
H32: Total

Sheet Perhitungan LRP
A1: PERHITUNGAN LEMBAR RENCANA PROSES | T1: DRILLING | AE1: TURNING
A5: MILLING
A6: No. Proses | B6: Nama Proses | C6: D (mm) | D6: d (mm) | E6: L (mm) | F6: v (mm/min) | G6: N (rev/min) | H6: fr (mm/min) | I6: w (mm) | J6: A (mm) | K6: Tm (min) | L6: Tm (sekon) | M6: MRR (mm3/min) | N6: Volume Awal (mm3) | O6: Scrap | P6: %Scrap | Q6: Volume Akhir (mm3)
A7: 1 | B7: Shell-End Milling Roughing (L=5, d=5) w=5 (Top Side) 2x | D7: 5 | E7: 5
A8: 3
A11: TURNING
A12: No. Proses | B12: Nama Proses | C12: Do (mm) | D12: Df (mm) | E12: d (mm) | F12: d maks (mm) | G12: L (mm) | H12: f (mm/rev) | I12: v (mm/min) | J12: N (rev/min) | K12: fr (mm/min) | L12: Tm (min) | M12: Tm (sekon) | N12: MRR (mm3/min) | O12: Volume Awal (mm3) | P12: Scrap | Q12: % Scrap | R12: Volume Akhir (mm3)
A34: DRILLING (TERMASUK TAPPING DAN BORING)
A35: No. Proses | B35: Nama Proses | C35: D (mm) | D35: d (mm) | E35: f (mm/rev) | F35: v(mm/min) | G35: N (rev/min) | H35: fr (mm/min) | I35: Tm (min) | J35: Tm (sekon) | K35: MRR (mm3/min) | L35: Volume Awal (mm3) | M35: Scrap | N35: % Scrap | O35: Volume Akhir (mm3)
A40: PRESSING (BLANKING, PUNCHING, EMBOSS, DEBOSS)
A41: No. Proses | B41: Nama Proses | C41: TS(MPa) | D41: t (mm) | E41: L (mm) | F41: Volume Awal (mm3) | G41: SPM | H41: Tm (min) | I41: Tm (s) | J41: Scrap | K41: %Scrap | L41: Volume Akhir (mm3)
A42: 2 | B42: Blanking (L=278.71mm, t=40mm, TS=401.8MPa) | T42: MILLING | AE42: BENDING
P44: =POWER(3,2) -> 9
A46: PRESSING (BENDING)
A47: No. Proses | B47: Nama Proses | C47: Kbf | D47: w (mm) | E47: TS (Mpa) | F47: t (mm) | G47: D (mm) | H47: F (N) | I47: SPM | J47: Tm (min) | K47: Tm (s) | L47: Scrap (mm3)
A51: CUTTING (TERMASUK CHAMFERING LINEAR)
A52: No. Proses | B52: Nama Proses | C52: A (mm) | D52: t (mm) | E52: θ | F52: Volume Awal | G52: Scrap | H52: % Scrap | I52: Volume Akhir (mm3)
A53: 5 | B53: Chamfering (A=2mm, t=2mm, θ = 45˚) (All Side) 8x
A57: LANGKAH MEMBACA REFERENSI KALPAKJIAN - MILLING
A60: 1. Operasi yang ingin digunakan?
A62: 2. Untuk operasi tersebut, perhatikan diameter tools (maximum width of cut) yang digunakan -> untuk pengulangan proses
A64: 3. Proses roughing atau finishing? Ingat semua milling harus ada proses finishing (kecuali dinyatakan sebaliknya).
A66: 4. Untuk operasi tersebut, perhatikan maksimum depth of cut -> untuk pengulangan proses
A68: 5. Material apa yang digunakan? Untuk stainless steel, gunakan 'Carbon steel up to 63 kgf/mm2'
A70: 6. Lihat cutting speed dan feed rate yang direkomendasikan.
U79: PUNCHING/BLANKING
A96: LANGKAH MEMBACA REFERENSI KALPAKJIAN - DRILLING
A98: 1. Berapa diameter drilling yang diinginkan?
A100: 2. Material apa yang digunakan?
A102: 3. Lihat cutting speed dan feed yang direkomendasikan (feed, bukan feed rate)
A103: (cutting speed > feed)
A105: 4. Gunakan interpolasi apabila diperlukan (misal: ketika diameter drill 8 mm)
A107: 5. Lihat cooling/lubricant agents yang direkomendasikan bila diperlukan
A133: LANGKAH MEMBACA REFERENSI KALPAKJIAN - TURNING
A134: 1. Berapa feed yang ingin digunakan? (Pertimbangkan trade off-nya)
A136: 2. Material apa yang digunakan?
A138: 3. Cutting tool apa yang digunakan? (Pertimbangkan trade off HSS dan TCT)
A140: 4. Lihat cutting speed yang direkomendasikan

Sheet Perhitungan LRP Bottom Base 1
A1: PERHITUNGAN LEMBAR RENCANA PROSES | T1: DRILLING | AE1: TURNING
A5: MILLING
A6: No. Proses | B6: Nama Proses | C6: D (mm) | D6: d (mm) | E6: L (mm) | F6: v (mm/min) | G6: N (rev/min) | H6: fr (mm/min) | I6: w (mm) | J6: A (mm) | K6: Tm (min) | L6: Tm (sekon) | M6: MRR (mm3/min) | N6: Volume Awal (mm3) | O6: Scrap | P6: %Scrap | Q6: Volume Akhir (mm3)
A7: 23 | B7: Shell-end Milling Roughing (L=26 mm, d=5 mm, w=17 mm) (left side) 3x | C7: 17 | D7: 5 | E7: 26 | F7: 8500 | G7: =F7/(3.14*C7) -> 159.23567 | H7: 1050 | I7: 17 | J7: =C7/2 -> 8.5 | K7: =(E7+J7)/H7 -> 0.032857143 | L7: =K7*60 -> 1.9714286 | M7: =H7*I7*D7 -> 89250 | N7: =O25 -> 183118.72 | O7: =(E7*I7*D7)*3 -> 6630 | P7: =(O7/N7)*100 -> 3.6206021 | Q7: =N7-O7 -> 176488.72
A8: 28 | B8: Shell-end Milling Finishing (L=26 mm, d=1 mm, w=13 mm) (left side) 3x | C8: 17 | D8: 1 | E8: 26 | F8: 8500 | G8: =F8/(3.14*C8) -> 159.23567 | H8: 1050 | I8: 13 | J8: =SQRT(I8*(C8-I8)) -> 7.2111026 | K8: =(E8+J8)/H8 -> 0.031629621 | L8: =K8*60 -> 1.8977773 | M8: =H8*I8*D8 -> 13650 | N8: =Q7 -> 176488.72 | O8: =(E8*I8*D8)*3 -> 1014 | P8: =(O8/N8)*100 -> 0.57454098 | Q8: =N8-O8 -> 175474.72
A9: 29 | B9: Shell-end Milling Roughing (L=17 mm, d=4 mm, w=8 mm) (left side) 3x | C9: 8 | D9: 4 | E9: 17 | F9: 8500 | G9: =F9/(3.14*C9) -> 338.3758 | H9: 1050 | I9: 8 | J9: =C9/2 -> 4 | K9: =(E9+J9)/H9 -> 0.02 | L9: =K9*60 -> 1.2 | M9: =H9*I9*D9 -> 33600 | N9: =Q8 -> 175474.72 | O9: =(E9*I9*D9)*3 -> 1632 | P9: =(O9/N9)*100 -> 0.93004852 | Q9: =N9-O9 -> 173842.72
A10: 38 | B10: Shell-end Milling Finishing (L=17 mm, d=0,5 mm, w=8 mm) (left side) 3x | C10: 8 | D10: 0.5 | E10: 17 | F10: 8500 | G10: =F10/(3.14*C10) -> 338.3758 | H10: 1050 | I10: 8 | J10: =C10/2 -> 4 | K10: =(E10+J10)/H10 -> 0.02 | L10: =K10*60 -> 1.2 | M10: =H10*I10*D10 -> 4200 | N10: =Q9 -> 173842.72 | O10: =(E10*I10*D10)*3 -> 204 | P10: =(O10/N10)*100 -> 0.11734745 | Q10: =N10-O10 -> 173638.72
A12: TURNING
A13: No. Proses | B13: Nama Proses | C13: Do (mm) | D13: Df (mm) | E13: d (mm) | F13: d maks (mm) | G13: L (mm) | H13: f (mm/rev) | I13: v (mm/min) | J13: N (rev/min) | K13: fr (mm/min) | L13: Tm (min) | M13: Tm (sekon) | N13: MRR (mm3/min) | O13: Volume Awal (mm3) | P13: Scrap | Q13: % Scrap | R13: Volume Akhir (mm3)
A14: 2 | B14: Face Turning (L=70 mm, Do=70 mm, Df=70 mm) (right side) | C14: 70 | D14: 70 | E14: 0 | F14: 2 | G14: 70 | H14: 0.1 | I14: 360000 | J14: =I14/(3.14*C14) -> 1637.8526 | K14: =J14*H14 -> 163.78526 | L14: =G14/K14 -> 0.42738889 | M14: =L14*60 -> 25.643333 | N14: =3.14*((C14+D14)/2)*E14*K14 -> 0 | O14: =3.14*(C14/2)^2*G14 -> 269255 | P14: =3.14*((C14^2-D14^2)/4)*G14 -> 0 | Q14: =(P14/O14)*100 -> 0 | R14: =O14-P14 -> 269255
A15: 3 | B15: Face Turning (L=39 mm, Do=70 mm, Df=66 mm) (right side) | C15: 70 | D15: 66 | E15: 2 | F15: 2 | G15: 39 | H15: 0.1 | I15: 360000 | J15: =I15/(3.14*C15) -> 1637.8526 | K15: =J15*H15 -> 163.78526 | L15: =G15/K15 -> 0.23811667 | M15: =L15*60 -> 14.287 | N15: =3.14*((C15+D15)/2)*E15*K15 -> 69942.857 | O15: =R14 -> 269255 | P15: =3.14*((C15^2-D15^2)/4)*G15 -> 16654.56 | Q15: =(P15/O15)*100 -> 6.1854227 | R15: =O15-P15 -> 252600.44
A16: 4 | B16: Face Turning (L=39 mm, Do=66 mm, Df=62 mm) (right side) | C16: 66 | D16: 62 | E16: 2 | F16: 2 | G16: 39 | H16: 0.1 | I16: 360000 | J16: =I16/(3.14*C16) -> 1737.1164 | K16: =J16*H16 -> 173.71164 | L16: =G16/K16 -> 0.22451 | M16: =L16*60 -> 13.4706 | N16: =3.14*((C16+D16)/2)*E16*K16 -> 69818.182 | O16: =R15 -> 252600.44 | P16: =3.14*((C16^2-D16^2)/4)*G16 -> 15674.88 | Q16: =(P16/O16)*100 -> 6.2054049 | R16: =O16-P16 -> 236925.56
A17: 5 | B17: Face Turning (L=39 mm, Do=62 mm, Df=60 mm) (right side) | C17: 62 | D17: 60 | E17: 1 | F17: 2 | G17: 39 | H17: 0.1 | I17: 360000 | J17: =I17/(3.14*C17) -> 1849.1884 | K17: =J17*H17 -> 184.91884 | L17: =G17/K17 -> 0.21090333 | M17: =L17*60 -> 12.6542 | N17: =3.14*((C17+D17)/2)*E17*K17 -> 35419.355 | O17: =R16 -> 236925.56 | P17: =3.14*((C17^2-D17^2)/4)*G17 -> 7470.06 | Q17: =(P17/O17)*100 -> 3.1529144 | R17: =O17-P17 -> 229455.5
A18: 9 | B18: Chamfer Turning (L=10 mm, Do=40 mm, Df=40 mm, θ=40°) (right side) | C18: 60 | D18: 40 | E18: 0 | F18: 2 | G18: 10 | H18: 0.1 | I18: 360000 | J18: =I18/(3.14*C18) -> 1910.828 | K18: =J18*H18 -> 191.0828 | L18: =G18/K18 -> 0.052333333 | M18: =L18*60 -> 3.14 | N18: =3.14*((C18+D18)/2)*E18*K18 -> 0 | O18: =R17 -> 229455.5 | P18: =3.14*((C18^2-D18^2)/4)*G18 -> 15700 | Q18: =(P18/O18)*100 -> 6.8422853 | R18: =O18-P18 -> 213755.5
A20: DRILLING (TERMASUK TAPPING DAN BORING)
A21: No. Proses | B21: Nama Proses | C21: D (mm) | D21: d (mm) | E21: f (mm/rev) | F21: v(mm/min) | G21: N (rev/min) | H21: fr (mm/min) | I21: Tm (min) | J21: Tm (sekon) | K21: MRR (mm3/min) | L21: Volume Awal (mm3) | M21: Scrap | N21: % Scrap | O21: Volume Akhir (mm3)
A22: 10 | B22: Drilling (D=10 mm, d=15 mm) (center) | C22: 10 | D22: 15 | E22: 0.04 | F22: 500 | G22: =F22/(3.14*C22) -> 15.923567 | H22: =G22*E22 -> 0.63694268 | I22: =D22/H22 -> 23.55 | J22: =D22/H22 -> 23.55 | K22: =H22*3.14*(C22/2)^2 -> 50 | L22: =R18 -> 213755.5 | M22: =3.14*(C22/2)^2*D22 -> 1177.5 | N22: =(M22/L22)*100 -> 0.55086302 | O22: =L22-M22 -> 212578
A23: 13 | B23: Boring (L=26 mm, Do=10 mm, Df=38 mm) (left side) | C23: 38 | D23: 26 | E23: 0.1 | F23: 360000 | G23: =F23/(3.14*C23) -> 3017.0969 | H23: =G23*E23 -> 301.70969 | I23: =D23/H23 -> 0.086175556 | J23: =D23/H23 -> 0.086175556 | K23: =3.14*((10+C23)/2)*D23*H23 -> 591157.89 | L23: =O22 -> 212578 | M23: =3.14*((C23^2-10^2)/4)*D23 -> 27431.04 | N23: =(M23/L23)*100 -> 12.903988 | O23: =L23-M23 -> 185146.96
A24: 19 | B24: Drilling (D=8,5 mm, d=15 mm) (center) | C24: 8.5 | D24: 15 | E24: 0.04 | F24: 500 | G24: =F24/(3.14*C24) -> 18.733608 | H24: =G24*E24 -> 0.74934432 | I24: =D24/H24 -> 20.0175 | J24: =D24/H24 -> 20.0175 | K24: =H24*3.14*(C24/2)^2 -> 42.5 | L24: =O23 -> 185146.96 | M24: =3.14*(C24/2)^2*D24 -> 850.74375 | N24: =(M24/L24)*100 -> 0.45949647 | O24: =L24-M24 -> 184296.22
A25: 22 | B25: Tapping (M10, d=15 mm) (center) | C25: 10 | D25: 15 | E25: 0.04 | F25: 500 | G25: =F25/(3.14*C25) -> 15.923567 | H25: =G25*E25 -> 0.63694268 | I25: =D25/H25 -> 23.55 | J25: =D25/H25 -> 23.55 | K25: =H25*((3.14*C25^2)/4) -> 50 | L25: =O24 -> 184296.22 | M25: =(3.14*C25^2)/4*D25 -> 1177.5 | N25: =(M25/L25)*100 -> 0.63891708 | O25: =L25-M25 -> 183118.72
A29: LANGKAH MEMBACA REFERENSI KALPAKJIAN - MILLING
A32: 1. Operasi yang ingin digunakan?
A34: 2. Untuk operasi tersebut, perhatikan diameter tools (maximum width of cut) yang digunakan -> untuk pengulangan proses
A36: 3. Proses roughing atau finishing? Ingat semua milling harus ada proses finishing (kecuali dinyatakan sebaliknya).
A38: 4. Untuk operasi tersebut, perhatikan maksimum depth of cut -> untuk pengulangan proses
A40: 5. Material apa yang digunakan? Untuk stainless steel, gunakan 'Carbon steel up to 63 kgf/mm2'
A42: 6. Lihat cutting speed dan feed rate yang direkomendasikan.
U51: PUNCHING/BLANKING
A68: LANGKAH MEMBACA REFERENSI KALPAKJIAN - DRILLING
A70: 1. Berapa diameter drilling yang diinginkan?
A72: 2. Material apa yang digunakan?
A74: 3. Lihat cutting speed dan feed yang direkomendasikan (feed, bukan feed rate)
A75: (cutting speed > feed)
A77: 4. Gunakan interpolasi apabila diperlukan (misal: ketika diameter drill 8 mm)
A79: 5. Lihat cooling/lubricant agents yang direkomendasikan bila diperlukan
A105: LANGKAH MEMBACA REFERENSI KALPAKJIAN - TURNING
A106: 1. Berapa feed yang ingin digunakan? (Pertimbangkan trade off-nya)
A108: 2. Material apa yang digunakan?
A110: 3. Cutting tool apa yang digunakan? (Pertimbangkan trade off HSS dan TCT)
A112: 4. Lihat cutting speed yang direkomendasikan

Sheet LRP Bottom Base 1
A1: LEMBAR RENCANA PROSES | K1: GAMBAR PART
A3: No . | B3: 1 | E3: Halaman ke- | F3: 1
A4: No . Part | B4: 1 | E4: File Gambar | F4: Tripod-R-01-Bottom Base 1
A5: Nama Part | B5: Bottom Base 1 | E5: Material | F5: Al Alloy
E6: Ukuran | F6: Panjang | I6: mm
A7: Dibuat oleh | B7: Asisten PPST IV | F7: Lebar/Diameter | G7: 70 | I7: mm
A8: Tanggal | B8: 3 Maret 2026 | F8: Tinggi | G8: 39 | I8: mm
A10: No. Proses | B10: Urutan Operasi | C10: Stasiun Kerja | D10: Setup | F10: Tools | G10: Waktu Setup (detik) | H10: Waktu Proses (detik) | I10: Waktu Total (detik)
D11: n | E11: alat bantu
A12: 1 | B12: Pengukuran | C12: Kerja Bangku | D12: - | F12: Jangka Sorong | G12: 0 | H12: 0 | I12: =G12+H12 -> 0
A13: 2 | B13: Face Turning (L=70 mm, Do=70 mm, Df=70 mm) (right side) | C13: Mesin Bubut | D13: 1 | E13: Three Jaw Chuck | F13: HSS Turning Tool | G13: 203.4 | H13: ='[1]Perhitungan LRP Bottom Base 1'!M14 -> 25.643333 | I13: =G13+H13 -> 229.04333
A14: 3 | B14: Face Turning (L=39 mm, Do=70 mm, Df=66 mm) (right side) | C14: Mesin Bubut | D14: 4 | E14: Three Jaw Chuck | F14: HSS Turning Tool | G14: 203.4 | H14: ='[1]Perhitungan LRP Bottom Base 1'!M15 -> 14.287 | I14: =G14+H14 -> 217.687
A15: 4 | B15: Face Turning (L=39 mm, Do=66 mm, Df=62 mm) (right side) | C15: Mesin Bubut | D15: 5 | E15: Three Jaw Chuck | F15: HSS Turning Tool | G15: 203.4 | H15: ='[1]Perhitungan LRP Bottom Base 1'!M16 -> 13.4706 | I15: =G15+H15 -> 216.8706
A16: 5 | B16: Face Turning (L=39 mm, Do=62 mm, Df=60 mm) (right side) | C16: Mesin Bubut | D16: 8 | E16: Three Jaw Chuck | F16: HSS Turning Tool | G16: 203.4 | H16: ='[1]Perhitungan LRP Bottom Base 1'!M17 -> 12.6542 | I16: =G16+H16 -> 216.0542
A17: 9 | B17: Chamfer Turning (L=10 mm, Do=60 mm, Df=40 mm, θ=40°) (right side) | C17: Mesin Bubut | D17: 9 | E17: Three Jaw Chuck | F17: HSS Turning Tool | G17: 203.4 | H17: ='[1]Perhitungan LRP Bottom Base 1'!M18 -> 3.14 | I17: =G17+H17 -> 206.54
A18: 10 | B18: Drilling (D=10 mm, d=15 mm) (center) | C18: Mesin Bubut | D18: 12 | E18: Three Jaw Chuck | F18: HSS Drill 10 mm | G18: 192 | H18: ='[1]Perhitungan LRP Bottom Base 1'!J22 -> 23.55 | I18: =G18+H18 -> 215.55
A19: 13 | B19: Boring (L=26 mm, Do=10 mm, Df=38 mm) (left side) | C19: Mesin Bubut | D19: 15 | E19: Three Jaw Chuck | F19: HSS Boring Tool | G19: 192 | H19: ='[1]Perhitungan LRP Bottom Base 1'!J23 -> 0.086175556 | I19: =G19+H19 -> 192.08618
A20: 19 | B20: Drilling (D=8,5 mm, d=15 mm) (center) | C20: Mesin Drilling | D20: 18 | E20: Ragum | F20: HSS Drill 8,5 mm | G20: 192 | H20: ='[1]Perhitungan LRP Bottom Base 1'!J24 -> 20.0175 | I20: =G20+H20 -> 212.0175
A21: 22 | B21: Tapping (M10, d=15 mm) (center) | C21: Mesin Drilling | D21: 21 | E21: Ragum | F21: Tap M10 | G21: 192 | H21: ='[1]Perhitungan LRP Bottom Base 1'!J25 -> 23.55 | I21: =G21+H21 -> 215.55
A22: 23 | B22: Shell-end Milling Roughing (L=26 mm, d=5 mm, w=17 mm) (left side) 3x | C22: Mesin Milling | D22: 22 | E22: Ragum | F22: HSS Endmill 17 mm | G22: 553.2 | H22: ='[1]Perhitungan LRP Bottom Base 1'!L7 -> 1.9714286 | I22: =G22+H22 -> 555.17143
A23: 28 | B23: Shell-end Milling Finishing (L=26 mm, d=1 mm, w=13 mm) (left side) 3x | C23: Mesin Milling | D23: 27 | E23: Ragum | F23: HSS Endmill 17 mm | G23: 553.2 | H23: ='[1]Perhitungan LRP Bottom Base 1'!L8 -> 1.8977773 | I23: =G23+H23 -> 555.09778
A24: 29 | B24: Shell-end Milling Roughing (L=17 mm, d=4 mm, w=8 mm) (left side) 3x | C24: Mesin Milling | D24: 28 | E24: Ragum | F24: HSS Endmill 8 mm | G24: 553.2 | H24: ='[1]Perhitungan LRP Bottom Base 1'!L9 -> 1.2 | I24: =G24+H24 -> 554.4
A25: 38 | B25: Shell-end Milling Finishing (L=17 mm, d=0,5 mm, w=8 mm) (left side) 3x | C25: Mesin Milling | D25: 37 | E25: Ragum | F25: HSS Endmill 8 mm | G25: 553.2 | H25: ='[1]Perhitungan LRP Bottom Base 1'!L10 -> 1.2 | I25: =G25+H25 -> 554.4
A26: 39 | B26: Deburring | C26: Kerja Bangku | F26: Hand Tool | G26: 0 | H26: 120 | I26: =G26+H26 -> 120
A27: 40 | B27: Inspeksi | C27: Kerja Bangku | D27: - | F27: Jangka Sorong | G27: 0 | H27: 0 | I27: =G27+H27 -> 0
H28: Total | I28: =SUM(I12:I27) -> 4260.468

Sheet LRP Bush
A1: LEMBAR RENCANA PROSES | K1: GAMBAR PART
A3: No . | B3: 1 | E3: Halaman ke- | F3: 1
A4: No . Part | B4: 1 | E4: File Gambar | F4: Tripod-R-01-Bottom Base 1
A5: Nama Part | B5: Bush | E5: Material | F5: Al Alloy
E6: Ukuran | F6: Panjang | I6: mm
A7: Dibuat oleh | B7: Asisten PPST IV | F7: Lebar/Diameter | G7: 6.5 | I7: mm
A8: Tanggal | B8: 4 Maret 2026 | F8: Tinggi | G8: 15 | I8: mm
A10: No. Proses | B10: Urutan Operasi | C10: Stasiun Kerja | D10: Setup | F10: Tools | G10: Waktu Setup (detik) | H10: Waktu Proses (detik) | I10: Waktu Total (detik)
D11: n | E11: alat bantu
A12: 1 | B12: Pengukuran | C12: Kerja Bangku | D12: - | E12: Jangka Sorong | F12: Jangka Sorong | G12: 0 | H12: 0 | I12: =G12+H12 -> 0
A13: 2 | B13: Center Drill (D=4,5 mm, d=3,689 mm) (center) | C13: Mesin Drilling | D13: 1 | E13: Ragum | F13: HSS Center Drill 5 mm | G13: 180 | H13: ='Perhitungan LRP Bush'!J22 -> 0.32550003 | I13: =G13+H13 -> 180.3255
A14: 3 | B14: Drilling (D=4,5 mm, d=15 mm) (center) | C14: Mesin Drilling | D14: 1 | E14: Ragum | F14: HSS Drill 5 mm | G14: 60 | H14: ='Perhitungan LRP Bush'!J23 -> 0.24606299 | I14: =G14+H14 -> 60.246063
A15: 4 | B15: Deburring | C15: Kerja Bangku | F15: Hand Tool | G15: 0 | H15: 120 | I15: =G15+H15 -> 120
A16: 5 | B16: Inspeksi | C16: Kerja Bangku | F16: Jangka Sorong | G16: 0 | H16: 0 | I16: =G16+H16 -> 0
H17: Total | I17: =SUM(I12:I16) -> 360.57156

Sheet Perhitungan LRP Bush
A1: PERHITUNGAN LEMBAR RENCANA PROSES | T1: DRILLING | AE1: TURNING
A5: MILLING
A6: No. Proses | B6: Nama Proses | C6: D (mm) | D6: d (mm) | E6: L (mm) | F6: v (mm/min) | G6: N (rev/min) | H6: fr (mm/min) | I6: w (mm) | J6: A (mm) | K6: Tm (min) | L6: Tm (sekon) | M6: MRR (mm3/min) | N6: Volume Awal (mm3) | O6: Scrap | P6: %Scrap | Q6: Volume Akhir (mm3)
A12: TURNING
A13: No. Proses | B13: Nama Proses | C13: Do (mm) | D13: Df (mm) | E13: d (mm) | F13: d maks (mm) | G13: L (mm) | H13: f (mm/rev) | I13: v (mm/min) | J13: N (rev/min) | K13: fr (mm/min) | L13: Tm (min) | M13: Tm (sekon) | N13: MRR (mm3/min) | O13: Volume Awal (mm3) | P13: Scrap | Q13: % Scrap | R13: Volume Akhir (mm3)
A20: DRILLING (TERMASUK TAPPING DAN BORING)
A21: No. Proses | B21: Nama Proses | C21: D (mm) | D21: d (mm) | E21: f (mm/rev) | F21: v(mm/min) | G21: N (rev/min) | H21: fr (mm/min) | I21: Tm (min) | J21: Tm (sekon) | K21: MRR (mm3/min) | L21: Volume Awal (mm3) | M21: Scrap | N21: % Scrap | O21: Volume Akhir (mm3)
A22: 2 | B22: ='LRP Bush'!B13 -> Center Drill (D=4,5 mm, d=3,689 mm) (center) | C22: 4.5 | D22: 3.689 | E22: =F22/G22 -> 0.086360541 | F22: 829.493 | G22: 9605 | H22: 829.493 | I22: =C22/F22 -> 0.0054250006 | J22: =I22*60 -> 0.32550003 | K22: =(((22/7)*(C22)^2)/4)*F22 -> 13197.826 | L22: =3.14*(6.5/2)^2*15 -> 497.49375 | M22: =I22*K22 -> 71.598214 | N22: =M22/L22 -> 0.14391782 | O22: =L22-M22 -> 425.89554
A23: 3 | B23: ='LRP Bush'!B14 -> Drilling (D=4,5 mm, d=15 mm) (center) | C23: 4.5 | D23: 15 | E23: =F23/G23 -> 0.09144 | F23: 1097.28 | G23: 12000 | H23: 1097.28 | I23: =C23/F23 -> 0.0041010499 | J23: =I23*60 -> 0.24606299 | K23: =(((22/7)*(C23)^2)/4)*F23 -> 17458.509 | L23: =O22 -> 425.89554 | M23: =I23*K23 -> 71.598214 | N23: =M23/L23 -> 0.16811215 | O23: =L23-M23 -> 354.29732
A25: CUTTING (TERMASUK CHAMFERING LINEAR)
A26: No. Proses | B26: Nama Proses | C26: A (mm) | D26: t (mm) | E26: θ | F26: Volume Awal | G26: Scrap | H26: % Scrap | I26: Volume Akhir (mm3)
A29: LANGKAH MEMBACA REFERENSI KALPAKJIAN - MILLING
A32: 1. Operasi yang ingin digunakan?
A34: 2. Untuk operasi tersebut, perhatikan diameter tools (maximum width of cut) yang digunakan -> untuk pengulangan proses
A36: 3. Proses roughing atau finishing? Ingat semua milling harus ada proses finishing (kecuali dinyatakan sebaliknya).
A38: 4. Untuk operasi tersebut, perhatikan maksimum depth of cut -> untuk pengulangan proses
A40: 5. Material apa yang digunakan? Untuk stainless steel, gunakan 'Carbon steel up to 63 kgf/mm2'
A42: 6. Lihat cutting speed dan feed rate yang direkomendasikan.
U51: PUNCHING/BLANKING
A68: LANGKAH MEMBACA REFERENSI KALPAKJIAN - DRILLING
A70: 1. Berapa diameter drilling yang diinginkan?
A72: 2. Material apa yang digunakan?
A74: 3. Lihat cutting speed dan feed yang direkomendasikan (feed, bukan feed rate)
A75: (cutting speed > feed)
A77: 4. Gunakan interpolasi apabila diperlukan (misal: ketika diameter drill 8 mm)
A79: 5. Lihat cooling/lubricant agents yang direkomendasikan bila diperlukan
A105: LANGKAH MEMBACA REFERENSI KALPAKJIAN - TURNING
A106: 1. Berapa feed yang ingin digunakan? (Pertimbangkan trade off-nya)
A108: 2. Material apa yang digunakan?
A110: 3. Cutting tool apa yang digunakan? (Pertimbangkan trade off HSS dan TCT)
A112: 4. Lihat cutting speed yang direkomendasikan

Sheet LRP Rib
A1: LEMBAR RENCANA PROSES | K1: GAMBAR PART
A3: No . | B3: 1 | E3: Halaman ke- | F3: 1
A4: No . Part | B4: 1 | E4: File Gambar | F4: Tripod-R-01-Bottom Base 1
A5: Nama Part | B5: Rib | E5: Material | F5: Al Alloy
E6: Ukuran | F6: Panjang | G6: 92 | I6: mm
A7: Dibuat oleh | B7: Asisten PPST IV | F7: Lebar/Diameter | G7: 12 | I7: mm
A8: Tanggal | B8: 4 Maret 2026 | F8: Tinggi | G8: 3 | I8: mm
A10: No. Proses | B10: Urutan Operasi | C10: Stasiun Kerja | D10: Setup | F10: Tools | G10: Waktu Setup (detik) | H10: Waktu Proses (detik) | I10: Waktu Total (detik)
D11: n | E11: alat bantu
A12: 1 | B12: Pengukuran | C12: Kerja Bangku | D12: - | E12: Jangka Sorong | F12: Jangka Sorong | G12: 0 | H12: 0 | I12: =G12+H12 -> 0
A13: 2 | B13: Spot Drill (D=10 mm, d=3 mm, ϑ= 90°) (top side) 2x | C13: Mesin Drilling | D13: 1 | E13: Ragum | F13: HSS Drill 10 mm | G13: 180 | H13: ='Perhitungan LRP Rib'!J13*2 -> 0.70068901 | I13: =G13+H13 -> 180.70069
A14: 4 | B14: Drill (D=7 mm, d=5 mm) (top side) 2x | C14: Mesin Drilling | D14: 1 | E14: Ragum | F14: HSS Drill 5 mm | G14: 180 | H14: ='Perhitungan LRP Rib'!J14*2 -> 0.65414091 | I14: =G14+H14 -> 180.65414
A15: 6 | B15: Spot Drill (D=10 mm, d=6 mm, ϑ= 90°) (top side) 2x | C15: Mesin Drilling | D15: 1 | E15: Ragum | F15: HSS Drill 10 mm | G15: 180 | H15: ='Perhitungan LRP Rib'!J15*2 -> 0.70068901 | I15: =G15+H15 -> 180.70069
A16: 8 | B16: Drill (D=7 mm, d=7 mm) (top side) 2x | C16: Mesin Drilling | D16: 1 | E16: Ragum | F16: HSS Drill 5 mm | G16: 180 | H16: ='Perhitungan LRP Rib'!J16*2 -> 0.65414091 | I16: =G16+H16 -> 180.65414
A17: 10 | B17: Shell End Milling Roughing (L=90 mm, d=3 mm, w=5 mm) 2x | C17: Mesin Milling | D17: 1 | E17: Ragum | F17: HSS Milling Tool 5 mm | G17: 180 | H17: ='Perhitungan LRP Rib'!L7*2 -> 113.04 | I17: =G17+H17 -> 293.04
A18: 12 | B18: Shell End Milling Finishing (L=90 mm, d=0.5 mm, w=5 mm) 2x | C18: Mesin Milling | D18: 1 | E18: Ragum | F18: HSS Milling Tool 5 mm | G18: 180 | H18: ='Perhitungan LRP Rib'!L8*2 -> 113.04 | I18: =G18+H18 -> 293.04
A19: 13 | B19: Deburring | C19: Kerja Bangku | F19: Hand Tool | G19: 0 | H19: 120 | I19: =G19+H19 -> 120
A20: 14 | B20: Inspeksi | C20: Kerja Bangku | F20: Jangka Sorong | G20: 0 | H20: 0 | I20: =G20+H20 -> 0
H21: Total | I21: =SUM(I12:I20) -> 1428.7897

Sheet Perhitungan LRP Rib
A1: PERHITUNGAN LEMBAR RENCANA PROSES | T1: DRILLING | AE1: TURNING
A5: MILLING
A6: No. Proses | B6: Nama Proses | C6: D (mm) | D6: d (mm) | E6: L (mm) | F6: v (mm/min) | G6: N (rev/min) | H6: fr (mm/min) | I6: w (mm) | J6: A (mm) | K6: Tm (min) | L6: Tm (sekon) | M6: MRR (mm3/min) | N6: Volume Awal (mm3) | O6: Scrap | P6: %Scrap | Q6: Volume Akhir (mm3)
A7: 10 | B7: ='LRP Rib'!B17 -> Shell End Milling Roughing (L=90 mm, d=3 mm, w=5 mm) 2x | C7: 5 | D7: 3 | E7: 90 | F7: 30 | G7: =(1000*F7)/(3.14*10) -> 955.41401 | H7: =0.1*G7 -> 95.541401 | I7: 5 | J7: =I7*D7 -> 15 | K7: =E7/H7 -> 0.942 | L7: =K7*60 -> 56.52 | M7: =J7*H7 -> 1433.121 | N7: =92*12*3 -> 3312 | O7: =K7*M7 -> 1350 | P7: =O7/N7 -> 0.4076087 | Q7: =N7-O7 -> 1962
A8: 12 | B8: ='LRP Rib'!B18 -> Shell End Milling Finishing (L=90 mm, d=0.5 mm, w=5 mm) 2x | C8: 5 | D8: 0.5 | E8: 90 | F8: 30 | G8: =(1000*F8)/(3.14*10) -> 955.41401 | H8: =0.1*G8 -> 95.541401 | I8: 5 | J8: =I8*D8 -> 2.5 | K8: =E8/H8 -> 0.942 | L8: =K8*60 -> 56.52 | M8: =J8*H8 -> 238.8535 | N8: =92*12*3 -> 3312 | O8: =K8*M8 -> 225 | P8: =O8/N8 -> 0.067934783 | Q8: =N8-O8 -> 3087
A11: DRILLING (TERMASUK TAPPING DAN BORING)
A12: No. Proses | B12: Nama Proses | C12: D (mm) | D12: d (mm) | E12: f (mm/rev) | F12: v(mm/min) | G12: N (rev/min) | H12: fr (mm/min) | I12: Tm (min) | J12: Tm (sekon) | K12: MRR (mm3/min) | L12: Volume Awal (mm3) | M12: Scrap | N12: % Scrap | O12: Volume Akhir (mm3)
A13: 2 | B13: ='LRP Rib'!B13 -> Spot Drill (D=10 mm, d=3 mm, ϑ= 90°) (top side) 2x | C13: 10 | D13: 3 | E13: =H13/G13 -> 0.17272819 | F13: 1712.6 | G13: 9915 | H13: 1712.6 | I13: =C13/F13 -> 0.0058390751 | J13: =I13*60 -> 0.35034451 | K13: =(((22/7)*(C13)^2)/4)*H13 -> 134561.43 | L13: =92*12*3 -> 3312 | M13: =I13*K13 -> 785.71429 | N13: =M13/L13 -> 0.23723257 | O13: =L13-M13 -> 2526.2857
A14: 4 | B14: ='LRP Rib'!B14 -> Drill (D=7 mm, d=5 mm) (top side) 2x | C14: 7 | D14: 5 | E14: =H14/G14 -> 0.1117604 | F14: 1284.127 | G14: 11490 | H14: 1284.127 | I14: =C14/F14 -> 0.0054511742 | J14: =I14*60 -> 0.32707045 | K14: =(((22/7)*(C14)^2)/4)*H14 -> 49438.889 | L14: =O13 -> 2526.2857 | M14: =I14*K14 -> 269.5 | N14: =M14/L14 -> 0.10667835 | O14: =L14-M14 -> 2256.7857
A15: 6 | B15: ='LRP Rib'!B15 -> Spot Drill (D=10 mm, d=6 mm, ϑ= 90°) (top side) 2x | C15: 10 | D15: 6 | E15: =H15/G15 -> 0.17272819 | F15: 1712.6 | G15: 9915 | H15: 1712.6 | I15: =C15/F15 -> 0.0058390751 | J15: =I15*60 -> 0.35034451 | K15: =(((22/7)*(C15)^2)/4)*H15 -> 134561.43 | L15: =O14 -> 2256.7857 | M15: =I15*K15 -> 785.71429 | N15: =M15/L15 -> 0.34815635 | O15: =L15-M15 -> 1471.0714
A16: 8 | B16: ='LRP Rib'!B16 -> Drill (D=7 mm, d=7 mm) (top side) 2x | C16: 7 | D16: 7 | E16: =H16/G16 -> 0.1117604 | F16: 1284.127 | G16: 11490 | H16: 1284.127 | I16: =C16/F16 -> 0.0054511742 | J16: =I16*60 -> 0.32707045 | K16: =(((22/7)*(C16)^2)/4)*H16 -> 49438.889 | L16: =O15 -> 1471.0714 | M16: =I16*K16 -> 269.5 | N16: =M16/L16 -> 0.18319981 | O16: =L16-M16 -> 1201.5714
A18: CUTTING (TERMASUK CHAMFERING LINEAR)
A19: No. Proses | B19: Nama Proses | C19: A (mm) | D19: t (mm) | E19: θ | F19: Volume Awal | G19: Scrap | H19: % Scrap | I19: Volume Akhir (mm3)
A24: 1. Operasi yang ingin digunakan?
A26: 2. Untuk operasi tersebut, perhatikan diameter tools (maximum width of cut) yang digunakan -> untuk pengulangan proses
A28: 3. Proses roughing atau finishing? Ingat semua milling harus ada proses finishing (kecuali dinyatakan sebaliknya).
T29: MILLING | AE29: BENDING
A30: 4. Untuk operasi tersebut, perhatikan maksimum depth of cut -> untuk pengulangan proses
A32: 5. Material apa yang digunakan? Untuk stainless steel, gunakan 'Carbon steel up to 63 kgf/mm2'
A34: 6. Lihat cutting speed dan feed rate yang direkomendasikan.
A60: LANGKAH MEMBACA REFERENSI KALPAKJIAN - DRILLING
A62: 1. Berapa diameter drilling yang diinginkan?
A64: 2. Material apa yang digunakan?
A66: 3. Lihat cutting speed dan feed yang direkomendasikan (feed, bukan feed rate) | U66: PUNCHING/BLANKING
A67: (cutting speed > feed)
A69: 4. Gunakan interpolasi apabila diperlukan (misal: ketika diameter drill 8 mm)
A71: 5. Lihat cooling/lubricant agents yang direkomendasikan bila diperlukan
A97: LANGKAH MEMBACA REFERENSI KALPAKJIAN - TURNING
A98: 1. Berapa feed yang ingin digunakan? (Pertimbangkan trade off-nya)
A100: 2. Material apa yang digunakan?
A102: 3. Cutting tool apa yang digunakan? (Pertimbangkan trade off HSS dan TCT)
A104: 4. Lihat cutting speed yang direkomendasikan

Sheet LRP Pivot Holder
A1: LEMBAR RENCANA PROSES | K1: GAMBAR PART
A3: No . | B3: 1 | E3: Halaman ke- | F3: 1
A4: No . Part | B4: 1 | E4: File Gambar | F4: Tripod-R-01-Bottom Base 1
A5: Nama Part | B5: Pivot Holder | E5: Material | F5: Al Alloy
E6: Ukuran | F6: Panjang | I6: mm
A7: Dibuat oleh | B7: Asisten PPST IV | F7: Lebar/Diameter | G7: 20 | I7: mm
A8: Tanggal | B8: 4 Maret 2026 | F8: Tinggi | G8: 75 | I8: mm
A10: No. Proses | B10: Urutan Operasi | C10: Stasiun Kerja | D10: Setup | F10: Tools | G10: Waktu Setup (detik) | H10: Waktu Proses (detik) | I10: Waktu Total (detik)
D11: n | E11: alat bantu
A12: 1 | B12: Pengukuran | C12: Kerja Bangku | D12: - | E12: Jangka Sorong | F12: Jangka Sorong | G12: 0 | H12: 0 | I12: =G12+H12 -> 0
A13: 2 | B13: End Mill Pocket Roughing (L=75 mm, d=2,7 mm, w=6 mm) (top side) 10x | C13: Mesin Milling | D13: 1 | E13: Ragum | F13: HSS Milling Tool 6 mm | G13: 180 | H13: ='Perhitungan LRP Pivot Holder'!K7*10 -> 3.3174098 | I13: =G13+H13 -> 183.31741
A14: 12 | B14: End Mill Pocket Finishing (L=75 mm, d=0,5 mm, w=6 mm) (top side) | C14: Mesin Milling | D14: 1 | E14: Ragum | F14: HSS Milling Tool 6 mm | G14: 60 | H14: ='Perhitungan LRP Pivot Holder'!K8 -> 0.33174098 | I14: =G14+H14 -> 60.331741
A15: 13 | B15: End Mill Circular Pocket Roughing (L=22.6 mm, d=1 mm, w=6 mm) (top side) | C15: Mesin Milling | D15: 1 | E15: Ragum | F15: HSS Milling Tool 6 mm | G15: 60 | H15: ='Perhitungan LRP Pivot Holder'!K9 -> 0.099964614 | I15: =G15+H15 -> 60.099965
A16: 14 | B16: End Mill Circular Pocket Finishing (L=22.6 mm, d=0,5 mm, w=6 mm) (top side) | C16: Mesin Milling | D16: 1 | E16: Ragum | F16: HSS Milling Tool 6 mm | G16: 60 | H16: ='Perhitungan LRP Pivot Holder'!K10 -> 0.099964614 | I16: =G16+H16 -> 60.099965
A17: 15 | B17: End Mill Contour Roughing (L=44 mm, d=2.75 mm, w=6 mm) (top side) 9x | C17: Mesin Milling | D17: 1 | E17: Ragum | F17: HSS Milling Tool 6 mm | G17: 60 | H17: ='Perhitungan LRP Pivot Holder'!K11*9 -> 1.7515924 | I17: =G17+H17 -> 61.751592
A18: 24 | B18: End Mill Contour Finishing (L=44 mm, d=2.75 mm, w=6 mm) (top side) | C18: Mesin Milling | D18: 1 | E18: Ragum | F18: HSS Milling Tool 6 mm | G18: 60 | H18: ='Perhitungan LRP Pivot Holder'!K12 -> 0.19462137 | I18: =G18+H18 -> 60.194621
A19: 25 | B19: Deburring | C19: Kerja Bangku | F19: Hand Tool | G19: 0 | H19: 120 | I19: =G19+H19 -> 120
A20: 26 | B20: Inspeksi | C20: Kerja Bangku | F20: Jangka Sorong | G20: 0 | H20: 0 | I20: =G20+H20 -> 0
H21: Total | I21: =SUM(I12:I20) -> 605.79529

Sheet Perhitungan LRP Pivot Holder
A1: PERHITUNGAN LEMBAR RENCANA PROSES | T1: DRILLING | AE1: TURNING
A5: MILLING
A6: No. Proses | B6: Nama Proses | C6: D (mm) | D6: d (mm) | E6: L (mm) | F6: v (mm/min) | G6: N (rev/min) | H6: fr (mm/min) | I6: w (mm) | J6: A (mm) | K6: Tm (min) | L6: Tm (sekon) | M6: MRR (mm3/min) | N6: Volume Awal (mm3) | O6: Scrap | P6: %Scrap | Q6: Volume Akhir (mm3)
A7: ='LRP Pivot Holder'!A13 -> 2 | B7: ='LRP Pivot Holder'!B13 -> End Mill Pocket Roughing (L=75 mm, d=2,7 mm, w=6 mm) (top side) 10x | C7: 6 | D7: 2.7 | E7: 75 | F7: =(3.14*C7*G7)/1000 -> 226.08 | G7: 12000 | H7: =F7 -> 226.08 | I7: 6 | J7: =I7*D7 -> 16.2 | K7: =E7/H7 -> 0.33174098 | L7: =K7*60 -> 19.904459 | M7: =J7*H7 -> 3662.496 | N7: =3.14*(10)^2*75 -> 23550 | O7: =K7*M7 -> 1215 | P7: =(O7/N7)*100% -> 0.051592357 | Q7: =N7-O7 -> 22335
A8: ='LRP Pivot Holder'!A14 -> 12 | B8: ='LRP Pivot Holder'!B14 -> End Mill Pocket Finishing (L=75 mm, d=0,5 mm, w=6 mm) (top side) | C8: 6 | D8: 0.5 | E8: 75 | F8: =(3.14*C8*G8)/1000 -> 226.08 | G8: 12000 | H8: =F8 -> 226.08 | I8: 6 | J8: =I8*D8 -> 3 | K8: =E8/H8 -> 0.33174098 | L8: =K8*60 -> 19.904459 | M8: =J8*H8 -> 678.24 | N8: =3.14*(10)^2*75 -> 23550 | O8: =K8*M8 -> 225 | P8: =(O8/N8)*100% -> 0.0095541401 | Q8: =N8-O8 -> 23325
A9: ='LRP Pivot Holder'!A15 -> 13 | B9: ='LRP Pivot Holder'!B15 -> End Mill Circular Pocket Roughing (L=22.6 mm, d=1 mm, w=6 mm) (top side) | C9: 6 | D9: 1 | E9: 22.6 | F9: =(3.14*C9*G9)/1000 -> 226.08 | G9: 12000 | H9: =F9 -> 226.08 | I9: 6 | J9: =I9*D9 -> 6 | K9: =E9/H9 -> 0.099964614 | L9: =K9*60 -> 5.9978769 | M9: =J9*H9 -> 1356.48 | N9: =3.14*(10)^2*75 -> 23550 | O9: =K9*M9 -> 135.6 | P9: =(O9/N9)*100% -> 0.0057579618 | Q9: =N9-O9 -> 23414.4
A10: ='LRP Pivot Holder'!A16 -> 14 | B10: ='LRP Pivot Holder'!B16 -> End Mill Circular Pocket Finishing (L=22.6 mm, d=0,5 mm, w=6 mm) (top side) | C10: 6 | D10: 0.5 | E10: 22.6 | F10: =(3.14*C10*G10)/1000 -> 226.08 | G10: 12000 | H10: =F10 -> 226.08 | I10: 6 | J10: =I10*D10 -> 3 | K10: =E10/H10 -> 0.099964614 | L10: =K10*60 -> 5.9978769 | M10: =J10*H10 -> 678.24 | N10: =3.14*(10)^2*75 -> 23550 | O10: =K10*M10 -> 67.8 | P10: =(O10/N10)*100% -> 0.0028789809 | Q10: =N10-O10 -> 23482.2
A11: ='LRP Pivot Holder'!A17 -> 15 | B11: ='LRP Pivot Holder'!B17 -> End Mill Contour Roughing (L=44 mm, d=2.75 mm, w=6 mm) (top side) 9x | C11: 6 | D11: 2.75 | E11: 44 | F11: =(3.14*C11*G11)/1000 -> 226.08 | G11: 12000 | H11: =F11 -> 226.08 | I11: 6 | J11: =I11*D11 -> 16.5 | K11: =E11/H11 -> 0.19462137 | L11: =K11*60 -> 11.677282 | M11: =J11*H11 -> 3730.32 | N11: =3.14*(10)^2*75 -> 23550 | O11: =K11*M11 -> 726 | P11: =(O11/N11)*100% -> 0.030828025 | Q11: =N11-O11 -> 22824
A12: ='LRP Pivot Holder'!A18 -> 24 | B12: ='LRP Pivot Holder'!B18 -> End Mill Contour Finishing (L=44 mm, d=2.75 mm, w=6 mm) (top side) | C12: 6 | D12: 0.5 | E12: 44 | F12: =(3.14*C12*G12)/1000 -> 226.08 | G12: 12000 | H12: =F12 -> 226.08 | I12: 6 | J12: =I12*D12 -> 3 | K12: =E12/H12 -> 0.19462137 | L12: =K12*60 -> 11.677282 | M12: =J12*H12 -> 678.24 | N12: =3.14*(10)^2*75 -> 23550 | O12: =K12*M12 -> 132 | P12: =(O12/N12)*100% -> 0.0056050955 | Q12: =N12-O12 -> 23418
A15: DRILLING (TERMASUK TAPPING DAN BORING)
A16: No. Proses | B16: Nama Proses | C16: D (mm) | D16: d (mm) | E16: f (mm/rev) | F16: v(mm/min) | G16: N (rev/min) | H16: fr (mm/min) | I16: Tm (min) | J16: Tm (sekon) | K16: MRR (mm3/min) | L16: Volume Awal (mm3) | M16: Scrap | N16: % Scrap | O16: Volume Akhir (mm3)
A22: CUTTING (TERMASUK CHAMFERING LINEAR)
A23: No. Proses | B23: Nama Proses | C23: A (mm) | D23: t (mm) | E23: θ | F23: Volume Awal | G23: Scrap | H23: % Scrap | I23: Volume Akhir (mm3)
A28: 1. Operasi yang ingin digunakan?
A30: 2. Untuk operasi tersebut, perhatikan diameter tools (maximum width of cut) yang digunakan -> untuk pengulangan proses
A32: 3. Proses roughing atau finishing? Ingat semua milling harus ada proses finishing (kecuali dinyatakan sebaliknya).
T33: MILLING | AE33: BENDING
A34: 4. Untuk operasi tersebut, perhatikan maksimum depth of cut -> untuk pengulangan proses
A36: 5. Material apa yang digunakan? Untuk stainless steel, gunakan 'Carbon steel up to 63 kgf/mm2'
A38: 6. Lihat cutting speed dan feed rate yang direkomendasikan.
A64: LANGKAH MEMBACA REFERENSI KALPAKJIAN - DRILLING
A66: 1. Berapa diameter drilling yang diinginkan?
A68: 2. Material apa yang digunakan?
A70: 3. Lihat cutting speed dan feed yang direkomendasikan (feed, bukan feed rate) | U70: PUNCHING/BLANKING
A71: (cutting speed > feed)
A73: 4. Gunakan interpolasi apabila diperlukan (misal: ketika diameter drill 8 mm)
A75: 5. Lihat cooling/lubricant agents yang direkomendasikan bila diperlukan
A101: LANGKAH MEMBACA REFERENSI KALPAKJIAN - TURNING
A102: 1. Berapa feed yang ingin digunakan? (Pertimbangkan trade off-nya)
A104: 2. Material apa yang digunakan?
A106: 3. Cutting tool apa yang digunakan? (Pertimbangkan trade off HSS dan TCT)
A108: 4. Lihat cutting speed yang direkomendasikan

Sheet LRP Guide Male
A1: LEMBAR RENCANA PROSES | K1: GAMBAR PART
A3: No . | B3: 2 | E3: Halaman ke- | F3: 1
A4: No . Part | B4: 2 | E4: File Gambar | F4: Tripod-R-02-Bottom Base 2
A5: Nama Part | B5: Guide male | E5: Material | F5: Al Alloy
E6: Ukuran | F6: Panjang | I6: mm
A7: Dibuat oleh | B7: Asisten PPST IV | F7: Lebar/Diameter | G7: 20 | I7: mm
A8: Tanggal | B8: 3 Maret 2026 | F8: Tinggi | G8: 75 | I8: mm
A10: No. Proses | B10: Urutan Operasi | C10: Stasiun Kerja | D10: Setup | F10: Tools | G10: Waktu Setup (detik) | H10: Waktu Proses (detik) | I10: Waktu Total (detik)
D11: n | E11: alat bantu
A12: 1 | B12: Pengukuran | C12: Kerja Bangku | D12: - | F12: Jangka Sorong | G12: 0 | H12: 0 | I12: 0
A13: 2 | B13: Face Turning (L=160 mm, Do=16 mm, Df=14 mm) | C13: Mesin Turning | D13: 1 | E13: Three Jaw Chuck | F13: HSS Turning Tool | G13: 180 | H13: ='Perhitungan LRP Guide Male'!M17 -> 24 | I13: =G13+H13 -> 204
A14: 3 | B14: Face Turning (L=30 mm, Do=14 mm, Df=10 mm) | C14: Mesin Turning | D14: 1 | E14: Three Jaw Chuck | F14: HSS Turning Tool | G14: 120 | H14: ='Perhitungan LRP Guide Male'!M18 -> 4.5 | I14: =G14+H14 -> 124.5
A15: 4 | B15: Chamfering (d=2 mm, ϑ= 45°) | C15: Mesin Turning | D15: 1 | E15: Three Jaw Chuck | F15: HSS Turning Tool | G15: 120 | H15: ='Perhitungan LRP Guide Male'!M19 -> 3.75 | I15: =G15+H15 -> 123.75
A16: 5 | B16: Thread Turning (L=25 mm, M10 x 1.5) | C16: Mesin Turning | D16: 1 | E16: Three Jaw Chuck | F16: HSS Turning Tool | G16: 120 | H16: 60 | I16: =G16+H16 -> 180
A17: 6 | B17: Chamfering (d=1 mm, ϑ= 45°) | C17: Mesin Turning | D17: 1 | E17: Three Jaw Chuck | F17: HSS Turning Tool | G17: 120 | H17: 60 | I17: =G17+H17 -> 180
A18: 7 | B18: Filetting (R=5 mm) | C18: Kerja Bangku | D18: 1 | E18: Ragum | F18: HSS Turning Tool | G18: 120 | H18: 60 | I18: =G18+H18 -> 180
A19: 8 | B19: Deburring | C19: Kerja Bangku | F19: Hand Tool | G19: 0 | H19: 0 | I19: =G19+H19 -> 0
A20: 9 | B20: Inspeksi | C20: Kerja Bangku | F20: Jangka Sorong | G20: 0 | H20: 120 | I20: =G20+H20 -> 120
H21: Total | I21: =SUM(I12:I20) -> 1112.25

Sheet Perhitungan LRP Guide Male
A1: PERHITUNGAN LEMBAR RENCANA PROSES | T1: DRILLING | AE1: TURNING
A5: MILLING
A6: No. Proses | B6: Nama Proses | C6: D (mm) | D6: d (mm) | E6: L (mm) | F6: v (mm/min) | G6: N (rev/min) | H6: fr (mm/min) | I6: w (mm) | J6: A (mm) | K6: Tm (min) | L6: Tm (sekon) | M6: MRR (mm3/min) | N6: Volume Awal (mm3) | O6: Scrap | P6: %Scrap | Q6: Volume Akhir (mm3)
A15: TURNING
A16: No. Proses | B16: Nama Proses | C16: Do (mm) | D16: Df (mm) | E16: d (mm) | F16: d maks (mm) | G16: L (mm) | H16: f (mm/rev) | I16: v (mm/min) | J16: N (rev/min) | K16: fr (mm/min) | L16: Tm (min) | M16: Tm (sekon) | N16: MRR (mm3/min) | O16: Volume Awal (mm3) | P16: Scrap | Q16: % Scrap | R16: Volume Akhir (mm3)
A17: 2 | B17: ='LRP Guide Male'!B13 -> Face Turning (L=160 mm, Do=16 mm, Df=14 mm) | C17: 16 | D17: 14 | E17: =(C17-D17)/2 -> 1 | F17: =5*H17 -> 0.5 | G17: 160 | H17: 0.1 | I17: 400 | J17: =(1000*I17)/(3.14*AVERAGE(C17:D17)) -> 8492.569 | K17: =I17 -> 400 | L17: =G17/K17 -> 0.4 | M17: =L17*60 -> 24 | N17: =I17*H17*E17 -> 40 | O17: =3.14*(75/2)^2*20 -> 88312.5 | P17: =M17*N17 -> 960 | Q17: =(O17-P17)*100% -> 87352.5 | R17: =O17-P17 -> 87352.5
A18: 3 | B18: ='LRP Guide Male'!B14 -> Face Turning (L=30 mm, Do=14 mm, Df=10 mm) | C18: 14 | D18: 10 | E18: =(C18-D18)/2 -> 2 | F18: =5*H18 -> 0.5 | G18: 30 | H18: 0.1 | I18: 400 | J18: =(1000*I18)/(3.14*AVERAGE(C18:D18)) -> 10615.711 | K18: =I18 -> 400 | L18: =G18/K18 -> 0.075 | M18: =L18*60 -> 4.5 | N18: =I18*H18*E18 -> 80 | O18: =R17 -> 87352.5 | P18: =M18*N18 -> 360 | Q18: =(O18-P18)*100% -> 86992.5 | R18: =O18-P18 -> 86992.5
A19: 5 | B19: ='LRP Guide Male'!B16 -> Thread Turning (L=25 mm, M10 x 1.5) | C19: 10 | D19: 10 | E19: 0 | F19: =5*H19 -> 0.5 | G19: 25 | H19: 0.1 | I19: 400 | J19: =(1000*I19)/(3.14*AVERAGE(C19:D19)) -> 12738.854 | K19: =I19 -> 400 | L19: =G19/K19 -> 0.0625 | M19: =L19*60 -> 3.75 | N19: =I19*H19*E19 -> 0 | O19: =R18 -> 86992.5 | P19: =M19*N19 -> 0 | Q19: =(O19-P19)*100% -> 86992.5 | R19: =O19-P19 -> 86992.5
A22: DRILLING (TERMASUK TAPPING DAN BORING)
A23: No. Proses | B23: Nama Proses | C23: D (mm) | D23: d (mm) | E23: f (mm/rev) | F23: v(mm/min) | G23: N (rev/min) | H23: fr (mm/min) | I23: Tm (min) | J23: Tm (sekon) | K23: MRR (mm3/min) | L23: Volume Awal (mm3) | M23: Scrap | N23: % Scrap | O23: Volume Akhir (mm3)
A29: CUTTING (TERMASUK CHAMFERING LINEAR)
A30: No. Proses | B30: Nama Proses | C30: A (mm) | D30: t (mm) | E30: θ | F30: Volume Awal | G30: Scrap | H30: % Scrap | I30: Volume Akhir (mm3)
B31: ='LRP Guide Male'!B15 -> Chamfering (d=2 mm, ϑ= 45°) | D31: 2 | E31: 45 | F31: =R19 -> 86992.5 | G31: =(1/3)*3.14*D31^3 -> 8.3733333 | H31: =(G31/F31) -> 9.6253508e-05 | I31: =F31-G31 -> 86984.127
B32: ='LRP Guide Male'!B17 -> Chamfering (d=1 mm, ϑ= 45°) | D32: 1 | E32: 45 | F32: =I31 -> 86984.127 | G32: =(1/3)*3.14*D32^3 -> 1.0466667 | H32: =(G32/F32) -> 1.2032847e-05 | I32: =F32-G32 -> 86983.08
B33: ='LRP Guide Male'!B18 -> Filetting (R=5 mm) | D33: 5 | F33: =I32 -> 86983.08 | G33: =(1/3)*3.14*D33^3 -> 130.83333 | H33: =(G33/F33) -> 0.0015041239 | I33: =F33-G33 -> 86852.247
A36: LANGKAH MEMBACA REFERENSI KALPAKJIAN - MILLING
A39: 1. Operasi yang ingin digunakan?
A41: 2. Untuk operasi tersebut, perhatikan diameter tools (maximum width of cut) yang digunakan -> untuk pengulangan proses
A43: 3. Proses roughing atau finishing? Ingat semua milling harus ada proses finishing (kecuali dinyatakan sebaliknya).
A45: 4. Untuk operasi tersebut, perhatikan maksimum depth of cut -> untuk pengulangan proses
A47: 5. Material apa yang digunakan? Untuk stainless steel, gunakan 'Carbon steel up to 63 kgf/mm2'
A49: 6. Lihat cutting speed dan feed rate yang direkomendasikan.
U58: PUNCHING/BLANKING
A75: LANGKAH MEMBACA REFERENSI KALPAKJIAN - DRILLING
A77: 1. Berapa diameter drilling yang diinginkan?
A79: 2. Material apa yang digunakan?
A81: 3. Lihat cutting speed dan feed yang direkomendasikan (feed, bukan feed rate)
A82: (cutting speed > feed)
A84: 4. Gunakan interpolasi apabila diperlukan (misal: ketika diameter drill 8 mm)
A86: 5. Lihat cooling/lubricant agents yang direkomendasikan bila diperlukan
A112: LANGKAH MEMBACA REFERENSI KALPAKJIAN - TURNING
A113: 1. Berapa feed yang ingin digunakan? (Pertimbangkan trade off-nya)
A115: 2. Material apa yang digunakan? | Y115: Ringkasan
Y116: Kegiatan | Z116: Jumlah | AA116: Waktu
A117: 3. Cutting tool apa yang digunakan? (Pertimbangkan trade off HSS dan TCT) | Y117: Operasi | Z117: 142 | AA117: 2559.35
Y118: Inspeksi | Z118: 1 | AA118: 0
A119: 4. Lihat cutting speed yang direkomendasikan | Y119: Total | Z119: 143 | AA119: =AA117+0 -> 2559.35

Sheet LRP Bottom Base 2
A1: LEMBAR RENCANA PROSES | K1: GAMBAR PART
A3: No . | B3: 2 | E3: Halaman ke- | F3: 1
A4: No . Part | B4: 2 | E4: File Gambar | F4: Tripod-R-02-Bottom Base 2
A5: Nama Part | B5: Bottom Base 2 | E5: Material | F5: Al Alloy
E6: Ukuran | F6: Panjang | I6: mm
A7: Dibuat oleh | B7: Asisten PPST IV | F7: Lebar/Diameter | G7: 70 | I7: mm
A8: Tanggal | B8: 3 Maret 2026 | F8: Tinggi | G8: 10 | I8: mm
A10: No. Proses | B10: Urutan Operasi | C10: Stasiun Kerja | D10: Setup | F10: Tools | G10: Waktu Setup (detik) | H10: Waktu Proses (detik) | I10: Waktu Total (detik)
D11: n | E11: alat bantu
A12: 1 | B12: Pengukuran | C12: Kerja Bangku | D12: - | F12: Jangka Sorong | G12: 0 | H12: 0 | I12: 0
A13: 2 | B13: Shell End Milling Roughing (L=198.28mm, d=4.5mm, w=5mm) (top side)3x | C13: Mesin Milling | D13: 1 | E13: Ragum | F13: HSS Milling Tool 5 mm | G13: 180 | H13: ='Perhitungan LRP Bottom Base 2'!L7 -> 146.3616 | I13: =G13+H13 -> 326.3616
A14: 5 | B14: Shell End Milling Roughing (L=207.24mm, d=4.5mm, w=5mm) (top side) | C14: Mesin Milling | D14: =A14-1 -> 4 | E14: Ragum | F14: HSS Milling Tool 5 mm | G14: 60 | H14: ='Perhitungan LRP Bottom Base 2'!L8 -> 50.9376 | I14: =G14+H14 -> 110.9376
A15: 6 | B15: Shell End Milling Finishing (L=198.28mm, d=0.5mm, w=5mm) (top side)3x | C15: Mesin Milling | D15: =A15-1 -> 5 | E15: Ragum | F15: HSS Milling Tool 5 mm | G15: 60 | H15: ='Perhitungan LRP Bottom Base 2'!L9 -> 332.64 | I15: =G15+H15 -> 392.64
A16: 9 | B16: Shell End Milling Finishing (L=207.24mm, d=0.5mm, w=5mm) (top side) | C16: Mesin Milling | D16: =A16-1 -> 8 | E16: Ragum | F16: HSS Milling Tool 5 mm | G16: 60 | H16: ='Perhitungan LRP Bottom Base 2'!L10 -> 115.76727 | I16: =G16+H16 -> 175.76727
A17: 10 | B17: Shell End Milling Roughing (L=60mm, d=5mm, w=2.5mm) (top side) 6x | C17: Mesin Milling | D17: =A17-1 -> 9 | E17: Ragum | F17: HSS Milling Tool 2.5 mm | G17: 120 | H17: ='Perhitungan LRP Bottom Base 2'!L11 -> 90 | I17: =G17+H17 -> 210
A18: 16 | B18: Shell End Milling Finishing (L=48mm, d=5mm, w=0.5mm) (top side) 3x | C18: Mesin Milling | D18: =A18-1 -> 15 | E18: Ragum | F18: HSS Milling Tool 2.5 mm | G18: 60 | H18: ='Perhitungan LRP Bottom Base 2'!L12 -> 81.818182 | I18: =G18+H18 -> 141.81818
A19: 19 | B19: Drilling (D=10mm, d=17mm) (left side) 3x | C19: Mesin Drilling | D19: =A19-1 -> 18 | E19: Ragum | F19: HSS Drilling Tool 10 mm | G19: 180 | H19: ='Perhitungan LRP Bottom Base 2'!J17 -> 3.2044245 | I19: =G19+H19 -> 183.20442
A20: 22 | B20: Drilling (D=11mm, d=10mm) (bottom side) | C20: Mesin Drilling | D20: =A20-1 -> 21 | E20: Ragum | F20: HSS Drilling Tool 11 mm | G20: 120 | H20: ='Perhitungan LRP Bottom Base 2'!J18 -> 0.62831853 | I20: =G20+H20 -> 120.62832
A21: 23 | B21: Inspeksi | C21: Kerja Bangku | D21: - | F21: Jangka Sorong | G21: 0 | H21: 0 | I21: =G21+H21 -> 0
H22: Total | I22: =SUM(I12:I21) -> 1661.3574

Sheet Perhitungan LRP Bottom Base 2
A1: PERHITUNGAN LEMBAR RENCANA PROSES | T1: DRILLING | AE1: TURNING
A5: MILLING
A6: No. Proses | B6: Nama Proses | C6: D (mm) | D6: d (mm) | E6: L (mm) | F6: v (mm/min) | G6: N (rev/min) | H6: fr (mm/min) | I6: w (mm) | J6: A (mm) | K6: Tm (min) | L6: Tm (sekon) | M6: MRR (mm3/min) | N6: Volume Awal (mm3) | O6: Scrap | P6: %Scrap | Q6: Volume Akhir (mm3)
A7: ='LRP Bottom Base 2'!A13 -> 2 | B7: ='LRP Bottom Base 2'!B13 -> Shell End Milling Roughing (L=198.28mm, d=4.5mm, w=5mm) (top side)3x | C7: 5 | D7: 4.5 | E7: 198.28 | F7: 200000 | G7: =F7/(PI()*C7) -> 12732.395 | H7: 250 | I7: 5 | J7: =C7/2 -> 2.5 | K7: =(E7+(2*J7))*3/H7 -> 2.43936 | L7: =K7*60 -> 146.3616 | M7: =I7*D7*H7 -> 5625 | N7: =3.14*35*35*10 -> 38465 | O7: =(E7/H7*M7) -> 4461.3 | P7: =(M7*K7)/N7 -> 0.35672429 | Q7: =N7-O7 -> 34003.7
A8: ='LRP Bottom Base 2'!A14 -> 5 | B8: ='LRP Bottom Base 2'!B14 -> Shell End Milling Roughing (L=207.24mm, d=4.5mm, w=5mm) (top side) | C8: 5 | D8: 4.5 | E8: 207.24 | F8: 200000 | G8: =F8/(PI()*C8) -> 12732.395 | H8: 250 | I8: 5 | J8: =C8/2 -> 2.5 | K8: =(E8+(2*J8))/H8 -> 0.84896 | L8: =K8*60 -> 50.9376 | M8: =I8*D8*H8 -> 5625 | N8: =Q7 -> 34003.7 | O8: =(E8/H8*M8) -> 4662.9 | P8: =M8*K8/N8 -> 0.14043766 | Q8: =N8-O8 -> 29340.8
A9: ='LRP Bottom Base 2'!A15 -> 6 | B9: ='LRP Bottom Base 2'!B15 -> Shell End Milling Finishing (L=198.28mm, d=0.5mm, w=5mm) (top side)3x | C9: 5 | D9: 0.5 | E9: 198.28 | F9: 250000 | G9: =F9/(PI()*C9) -> 15915.494 | H9: 110 | I9: 5 | J9: =C9/2 -> 2.5 | K9: =(E9+(2*J9))*3/H9 -> 5.544 | L9: =K9*60 -> 332.64 | M9: =I9*D9*H9 -> 275 | N9: =Q8 -> 29340.8 | O9: =(E9/H9*M9) -> 495.7 | P9: =M9*K9/N9 -> 0.051961773 | Q9: =N9-O9 -> 28845.1
A10: ='LRP Bottom Base 2'!A16 -> 9 | B10: ='LRP Bottom Base 2'!B16 -> Shell End Milling Finishing (L=207.24mm, d=0.5mm, w=5mm) (top side) | C10: 5 | D10: 0.5 | E10: 207.24 | F10: 250000 | G10: =F10/(PI()*C10) -> 15915.494 | H10: 110 | I10: 5 | J10: =C10/2 -> 2.5 | K10: =(E10+(2*J10))/H10 -> 1.9294545 | L10: =K10*60 -> 115.76727 | M10: =I10*D10*H10 -> 275 | N10: =Q9 -> 28845.1 | O10: =(E10/H10*M10) -> 518.1 | P10: =M10*K10/N10 -> 0.018394805 | Q10: =N10-O10 -> 28327
A11: ='LRP Bottom Base 2'!A17 -> 10 | B11: ='LRP Bottom Base 2'!B17 -> Shell End Milling Roughing (L=60mm, d=5mm, w=2.5mm) (top side) 6x | C11: 2.5 | D11: 5 | E11: 60 | F11: 200000 | G11: =F11/(PI()*C11) -> 25464.791 | H11: 250 | I11: 2.5 | J11: =C11/2 -> 1.25 | K11: =(E11+(2*J11))*6/H11 -> 1.5 | L11: =K11*60 -> 90 | M11: =I11*D11*H11 -> 3125 | N11: =Q10 -> 28327 | O11: =(E11/H11*M11) -> 750 | P11: =M11*K11/N11 -> 0.16547817 | Q11: =N11-O11 -> 27577
A12: ='LRP Bottom Base 2'!A18 -> 16 | B12: ='LRP Bottom Base 2'!B18 -> Shell End Milling Finishing (L=48mm, d=5mm, w=0.5mm) (top side) 3x | C12: 2.5 | D12: 5 | E12: 48 | F12: 250000 | G12: =F12/(PI()*C12) -> 31830.989 | H12: 110 | I12: 0.5 | J12: =SQRT(I12*(C12-I12)) -> 1 | K12: =(E12+(2*J12))*3/H12 -> 1.3636364 | L12: =K12*60 -> 81.818182 | M12: =I12*D12*H12 -> 275 | N12: =Q11 -> 27577 | O12: =(E12/H12*M12) -> 120 | P12: =M12*K12/N12 -> 0.013598288 | Q12: =N12-O12 -> 27457
A15: DRILLING (TERMASUK TAPPING DAN BORING)
A16: No. Proses | B16: Nama Proses | C16: D (mm) | D16: d (mm) | E16: f (mm/rev) | F16: v(mm/min) | G16: N (rev/min) | H16: fr (mm/min) | I16: Tm (min) | J16: Tm (sekon) | K16: MRR (mm3/min) | L16: Volume Awal (mm3) | M16: Scrap | N16: % Scrap | O16: Volume Akhir (mm3)
A17: ='LRP Bottom Base 2'!A19 -> 19 | B17: ='LRP Bottom Base 2'!B19 -> Drilling (D=10mm, d=17mm) (left side) 3x | C17: 10 | D17: 17 | E17: 0.2 | F17: 150000 | G17: =F17/(PI()*C17) -> 4774.6483 | H17: =G17*E17 -> 954.92966 | I17: =D17*3/H17 -> 0.053407075 | J17: =I17*60 -> 3.2044245 | K17: =(PI()*C17*C17*H17)/4 -> 75000 | L17: =Q12 -> 27457 | M17: =I17*K17 -> 4005.5306 | N17: =K17*I17/L17 -> 0.14588377 | O17: =L17-M17 -> 23451.469
A18: ='LRP Bottom Base 2'!A20 -> 22 | B18: ='LRP Bottom Base 2'!B20 -> Drilling (D=11mm, d=10mm) (bottom side) | C18: 11 | D18: 10 | E18: =11/10*0.2 -> 0.22 | F18: 150000 | G18: =F18/(PI()*C18) -> 4340.5894 | H18: =G18*E18 -> 954.92966 | I18: =D18/H18 -> 0.010471976 | J18: =I18*60 -> 0.62831853 | K18: =(PI()*C18*C18*H18)/4 -> 90750 | L18: =O17 -> 23451.469 | M18: =I18*K18 -> 950.33178 | N18: =K18*I18/L18 -> 0.040523336 | O18: =L18-M18 -> 22501.138
A20: bik
A21: No. Proses | B21: Nama Proses | C21: A (mm) | D21: t (mm) | E21: θ | F21: Volume Awal | G21: Scrap | H21: % Scrap | I21: Volume Akhir (mm3)
A26: 1. Operasi yang ingin digunakan?
A28: 2. Untuk operasi tersebut, perhatikan diameter tools (maximum width of cut) yang digunakan -> untuk pengulangan proses
A30: 3. Proses roughing atau finishing? Ingat semua milling harus ada proses finishing (kecuali dinyatakan sebaliknya).
T31: MILLING | AE31: BENDING
A32: 4. Untuk operasi tersebut, perhatikan maksimum depth of cut -> untuk pengulangan proses
A34: 5. Material apa yang digunakan? Untuk stainless steel, gunakan 'Carbon steel up to 63 kgf/mm2'
A36: 6. Lihat cutting speed dan feed rate yang direkomendasikan.
A62: LANGKAH MEMBACA REFERENSI KALPAKJIAN - DRILLING
A64: 1. Berapa diameter drilling yang diinginkan?
A66: 2. Material apa yang digunakan?
A68: 3. Lihat cutting speed dan feed yang direkomendasikan (feed, bukan feed rate) | U68: PUNCHING/BLANKING
A69: (cutting speed > feed)
A71: 4. Gunakan interpolasi apabila diperlukan (misal: ketika diameter drill 8 mm)
A73: 5. Lihat cooling/lubricant agents yang direkomendasikan bila diperlukan
A99: LANGKAH MEMBACA REFERENSI KALPAKJIAN - TURNING
A100: 1. Berapa feed yang ingin digunakan? (Pertimbangkan trade off-nya)
A102: 2. Material apa yang digunakan?
A104: 3. Cutting tool apa yang digunakan? (Pertimbangkan trade off HSS dan TCT)
A106: 4. Lihat cutting speed yang direkomendasikan

Sheet LRP Guide Female
A1: LEMBAR RENCANA PROSES | K1: GAMBAR PART
A3: No . | B3: 4 | E3: Halaman ke- | F3: 1
A4: No . Part | B4: 4 | E4: File Gambar | F4: Tripod-R-04-Guide-Female
A5: Nama Part | B5: Guide Female | E5: Material | F5: Al Alloy
E6: Ukuran | F6: Panjang | G6: - | I6: mm
A7: Dibuat oleh | B7: Asisten PPST IV | F7: Lebar/Diameter | G7: 46 | I7: mm
A8: Tanggal | B8: 3 Maret 2026 | F8: Tinggi | G8: 20 | I8: mm
A10: No. Proses | B10: Urutan Operasi | C10: Stasiun Kerja | D10: Setup | F10: Tools | G10: Waktu Setup (detik) | H10: Waktu Proses (detik) | I10: Waktu Total (detik)
D11: n | E11: alat bantu
A12: 1 | B12: Pengukuran | C12: Kerja Bangku | F12: Gerinda | G12: 240 | H12: 0 | I12: =G12+H12 -> 240
A13: 2 | B13: Face Turning (L=20 mm, Do=46 mm, Df=45 mm) (All side) | C13: Mesin Turning | D13: =A13-1 -> 1 | E13: Three Jaw Chuck | F13: HSS Turning Tools | G13: 180 | H13: ='Perhitungan LRP Guide Female'!M38 -> 4.3332 | I13: =G13+H13 -> 184.3332
A14: 3 | B14: Face Turning (L=20 mm, Do=45 mm, Df=44 mm) (All side) | C14: Mesin Turning | D14: =A14-1 -> 2 | E14: Chuck | F14: HSS Turning Tools | G14: 30 | H14: ='Perhitungan LRP Guide Female'!M39 -> 4.239 | I14: =G14+H14 -> 34.239
A15: 4 | B15: Shell-End Milling Roughing (L=38 mm, d=5 mm, w=20 mm)(Right Side) | C15: Mesin Milling | D15: =A15-1 -> 3 | E15: Ragum | F15: HSS Turning Tools | G15: 180 | H15: ='Perhitungan LRP Guide Female'!L7 -> 11.52 | I15: =G15+H15 -> 191.52
A16: 5 | B16: Shell-End Milling Roughing (L=33,74 mm, d=5 mm, w=20 mm)(Right Side) | C16: Mesin Milling | D16: =A16-1 -> 4 | E16: Ragum | F16: HSS Milling Tool 20 mm | G16: 30 | H16: ='Perhitungan LRP Guide Female'!L8 -> 10.4976 | I16: =G16+H16 -> 40.4976
A17: 6 | B17: Shell-End Milling Roughing (L=29,41 mm, d=5 mm, w=20 mm)(Right Side) | C17: Mesin Milling | D17: =A17-1 -> 5 | E17: Ragum | F17: HSS Milling Tool 20 mm | G17: 30 | H17: ='Perhitungan LRP Guide Female'!L9 -> 9.4584 | I17: =G17+H17 -> 39.4584
A18: 7 | B18: Shell-End Milling Roughing (L=25,09 mm, d=5 mm, w=20 mm)(Right Side) | C18: Mesin Milling | D18: =A18-1 -> 6 | E18: Ragum | F18: HSS Milling Tool 20 mm | G18: 30 | H18: ='Perhitungan LRP Guide Female'!L10 -> 8.4216 | I18: =G18+H18 -> 38.4216
A19: 8 | B19: Shell-End Milling Roughing (L=20,76 mm, d=3,5 mm, w=20 mm)(Right Side) | C19: Mesin Milling | D19: =A19-1 -> 7 | E19: Ragum | F19: HSS Milling Tool 20 mm | G19: 30 | H19: ='Perhitungan LRP Guide Female'!L11 -> 7.3824 | I19: =G19+H19 -> 37.3824
A20: 9 | B20: Shell-End Milling Finishing (L=17,73 mm, d=0,5 mm, w=20 mm)(Right Side) | C20: Mesin Milling | D20: =A20-1 -> 8 | E20: Ragum | F20: HSS Milling Tool 20 mm | G20: 30 | H20: ='Perhitungan LRP Guide Female'!L12 -> 15.125455 | I20: =G20+H20 -> 45.125455
A21: 10 | B21: Shell-End Milling Roughing (L=38 mm, d=5 mm, w=20 mm)(Left Side) | C21: Mesin Milling | D21: =A21-1 -> 9 | E21: Ragum | F21: HSS Milling Tool 20 mm | G21: 30 | H21: ='Perhitungan LRP Guide Female'!L13 -> 11.52 | I21: =G21+H21 -> 41.52
A22: 11 | B22: Shell-End Milling Roughing (L=33,74 mm, d=5 mm, w=20 mm)(Left Side) | C22: Mesin Milling | D22: =A22-1 -> 10 | E22: Ragum | F22: HSS Milling Tool 20 mm | G22: 30 | H22: ='Perhitungan LRP Guide Female'!L14 -> 10.4976 | I22: =G22+H22 -> 40.4976
A23: 12 | B23: Shell-End Milling Roughing (L=29,41 mm, d=5 mm, w=20 mm)(Left Side) | C23: Mesin Milling | D23: =A23-1 -> 11 | E23: Ragum | F23: HSS Milling Tool 20 mm | G23: 30 | H23: ='Perhitungan LRP Guide Female'!L15 -> 9.4584 | I23: =G23+H23 -> 39.4584
A24: 13 | B24: Shell-End Milling Roughing (L=25,09 mm, d=5 mm, w=20 mm)(Left Side) | C24: Mesin Milling | D24: =A24-1 -> 12 | E24: Ragum | F24: HSS Milling Tool 20 mm | G24: 30 | H24: ='Perhitungan LRP Guide Female'!L16 -> 8.4216 | I24: =G24+H24 -> 38.4216
A25: 14 | B25: Shell-End Milling Roughing (L=20,76 mm, d=3,5 mm, w=20 mm)(Left Side) | C25: Mesin Milling | D25: =A25-1 -> 13 | E25: Ragum | F25: HSS Milling Tool 20 mm | G25: 30 | H25: ='Perhitungan LRP Guide Female'!L17 -> 7.3824 | I25: =G25+H25 -> 37.3824
A26: 15 | B26: Shell-End Milling Finishing (L=17,73 mm, d=0,5 mm, w=20 mm)(Left Side) | C26: Mesin Milling | D26: =A26-1 -> 14 | E26: Ragum | F26: HSS Milling Tool 20 mm | G26: 30 | H26: ='Perhitungan LRP Guide Female'!L18 -> 15.125455 | I26: =G26+H26 -> 45.125455
... A41: 30 | B41: Shell-End Milling Finishing (L=7 mm, d=0,5 mm, w=20 mm)(Front Side) | C41: Mesin Milling | D41: =A41-1 -> 29 | E41: Ragum | F41: HSS Milling Tool 20 mm | G41: 30 | H41: ='Perhitungan LRP Guide Female'!L33 -> 9.2727273 | I41: =G41+H41 -> 39.272727
A42: 31 | B42: Filleting (L=20 mm, t= 1 mm, ϑ= 45°) x6 (All side) | C42: Kerja Bangku | D42: =A42-1 -> 30 | E42: Ragum | F42: Gerinda | G42: 240 | H42: 0 | I42: =G42+H42 -> 240
A43: 37 | B43: Filleting (L=20 mm, t= 1 mm, ϑ= 45°) x8 (All side) | C43: Kerja Bangku | D43: =A43-1 -> 36 | E43: Ragum | F43: Gerinda | G43: 240 | H43: 0 | I43: =G43+H43 -> 240
A44: 45 | B44: Drilling (D=14 mm, d=20 mm) | C44: Mesin Drilling | D44: =A44-1 -> 44 | E44: Ragum | F44: HSS Drilling Tool 14 mm | G44: 180 | H44: 2.826 | I44: =G44+H44 -> 182.826
A45: 46 | B45: Drilling (D=7 mm, d=8 mm) x3 | C45: Mesin Drilling | D45: =A45-1 -> 45 | E45: Ragum | F45: HSS Drilling Tool 7 mm | G45: 30 | H45: 0.628 | I45: =G45+H45 -> 30.628
A46: 49 | B46: Tapping Drilling (D=6 mm, d=5,46 mm) | C46: Mesin Drilling | D46: =A46-1 -> 48 | E46: Ragum | F46: HSS Drilling Tool 6 mm | G46: 90 | H46: 0.42861 | I46: =G46+H46 -> 90.42861
A47: 50 | B47: Inspeksi | C47: Kerja Bangku | F47: Gerinda | G47: 0 | H47: 0 | I47: =G47+H47 -> 0
H48: Total | I48: =SUM(I12:I47) -> 2416.1334

Sheet Perhitungan LRP Guide Female
A1: PERHITUNGAN LEMBAR RENCANA PROSES | T1: DRILLING | AE1: TURNING
A5: MILLING
A6: No. Proses | B6: Nama Proses | C6: D (mm) | D6: d (mm) | E6: L (mm) | F6: v (mm/min) | G6: N (rev/min) | H6: fr (mm/min) | I6: w (mm) | J6: A (mm) | K6: Tm (min) | L6: Tm (sekon) | M6: MRR (mm3/min) | N6: Volume Awal (mm3) | O6: Scrap | P6: %Scrap | Q6: Volume Akhir (mm3)
A7: 4 | B7: Shell-End Milling Roughing (L=38 mm, d=5 mm, w=20 mm)(Right Side) | C7: 20 | D7: 5 | E7: 38 | F7: 200000 | G7: =F7/3.14/C7 -> 3184.7134 | H7: 250 | I7: 20 | J7: =IF(I7=C7,C7/2,SQRT(I7*(C7-I7))) -> 10 | K7: =((E7+J7)/H7) -> 0.192 | L7: =K7*60 -> 11.52 | M7: =I7*D7*H7 -> 25000 | N7: =R39 -> 30363.8 | O7: =E7/H7*M7 -> 3800 | P7: =(O7/N7)*100 -> 12.514903 | Q7: =N7-O7 -> 26563.8
A8: 5 | B8: Shell-End Milling Roughing (L=33,74 mm, d=5 mm, w=20 mm)(Right Side) | C8: 20 | D8: 5 | E8: 33.74 | F8: 200000 | G8: =F8/3.14/C8 -> 3184.7134 | H8: 250 | I8: 20 | J8: =IF(I8=C8,C8/2,SQRT(I8*(C8-I8))) -> 10 | K8: =((E8+J8)/H8) -> 0.17496 | L8: =K8*60 -> 10.4976 | M8: =I8*D8*H8 -> 25000 | N8: =Q7 -> 26563.8 | O8: =E8/H8*M8 -> 3374 | P8: =(O8/N8)*100 -> 12.701496 | Q8: =N8-O8 -> 23189.8
A9: 6 | B9: Shell-End Milling Roughing (L=29,41 mm, d=5 mm, w=20 mm)(Right Side) | C9: 20 | D9: 5 | E9: 29.41 | F9: 200000 | G9: =F9/3.14/C9 -> 3184.7134 | H9: 250 | I9: 20 | J9: =IF(I9=C9,C9/2,SQRT(I9*(C9-I9))) -> 10 | K9: =((E9+J9)/H9) -> 0.15764 | L9: =K9*60 -> 9.4584 | M9: =I9*D9*H9 -> 25000 | N9: =Q8 -> 23189.8 | O9: =E9/H9*M9 -> 2941 | P9: =(O9/N9)*100 -> 12.6823 | Q9: =N9-O9 -> 20248.8
A10: 7 | B10: Shell-End Milling Roughing (L=25,09 mm, d=5 mm, w=20 mm)(Right Side) | C10: 20 | D10: 5 | E10: 25.09 | F10: 200000 | G10: =F10/3.14/C10 -> 3184.7134 | H10: 250 | I10: 20 | J10: =IF(I10=C10,C10/2,SQRT(I10*(C10-I10))) -> 10 | K10: =((E10+J10)/H10) -> 0.14036 | L10: =K10*60 -> 8.4216 | M10: =I10*D10*H10 -> 25000 | N10: =Q9 -> 20248.8 | O10: =E10/H10*M10 -> 2509 | P10: =(O10/N10)*100 -> 12.390858 | Q10: =N10-O10 -> 17739.8
A11: 8 | B11: Shell-End Milling Roughing (L=20,76 mm, d=3,5 mm, w=20 mm)(Right Side) | C11: 20 | D11: 3.5 | E11: 20.76 | F11: 200000 | G11: =F11/3.14/C11 -> 3184.7134 | H11: 250 | I11: 20 | J11: =IF(I11=C11,C11/2,SQRT(I11*(C11-I11))) -> 10 | K11: =((E11+J11)/H11) -> 0.12304 | L11: =K11*60 -> 7.3824 | M11: =I11*D11*H11 -> 17500 | N11: =Q10 -> 17739.8 | O11: =E11/H11*M11 -> 1453.2 | P11: =(O11/N11)*100 -> 8.1917496 | Q11: =N11-O11 -> 16286.6
A12: 9 | B12: Shell-End Milling Finishing (L=17,73 mm, d=0,5 mm, w=20 mm)(Right Side) | C12: 20 | D12: 0.5 | E12: 17.73 | F12: 250000 | G12: =F12/3.14/C12 -> 3980.8917 | H12: 110 | I12: 20 | J12: =IF(I12=C12,C12/2,SQRT(I12*(C12-I12))) -> 10 | K12: =((E12+J12)/H12) -> 0.25209091 | L12: =K12*60 -> 15.125455 | M12: =I12*D12*H12 -> 1100 | N12: =Q11 -> 16286.6 | O12: =E12/H12*M12 -> 177.3 | P12: =(O12/N12)*100 -> 1.088625 | Q12: =N12-O12 -> 16109.3
A13: 10 | B13: Shell-End Milling Roughing (L=38 mm, d=5 mm, w=20 mm)(Left Side) | C13: 20 | D13: 5 | E13: 38 | F13: 200000 | G13: =F13/3.14/C13 -> 3184.7134 | H13: 250 | I13: 20 | J13: =IF(I13=C13,C13/2,SQRT(I13*(C13-I13))) -> 10 | K13: =((E13+J13)/H13) -> 0.192 | L13: =K13*60 -> 11.52 | M13: =I13*D13*H13 -> 25000 | N13: =Q12 -> 16109.3 | O13: =E13/H13*M13 -> 3800 | P13: =(O13/N13)*100 -> 23.588859 | Q13: =N13-O13 -> 12309.3
A14: 11 | B14: Shell-End Milling Roughing (L=33,74 mm, d=5 mm, w=20 mm)(Left Side) | C14: 20 | D14: 5 | E14: 33.74 | F14: 200000 | G14: =F14/3.14/C14 -> 3184.7134 | H14: 250 | I14: 20 | J14: =IF(I14=C14,C14/2,SQRT(I14*(C14-I14))) -> 10 | K14: =((E14+J14)/H14) -> 0.17496 | L14: =K14*60 -> 10.4976 | M14: =I14*D14*H14 -> 25000 | N14: =Q13 -> 12309.3 | O14: =E14/H14*M14 -> 3374 | P14: =(O14/N14)*100 -> 27.41017 | Q14: =N14-O14 -> 8935.3
A15: 12 | B15: Shell-End Milling Roughing (L=29,41 mm, d=5 mm, w=20 mm)(Left Side) | C15: 20 | D15: 5 | E15: 29.41 | F15: 200000 | G15: =F15/3.14/C15 -> 3184.7134 | H15: 250 | I15: 20 | J15: =IF(I15=C15,C15/2,SQRT(I15*(C15-I15))) -> 10 | K15: =((E15+J15)/H15) -> 0.15764 | L15: =K15*60 -> 9.4584 | M15: =I15*D15*H15 -> 25000 | N15: =Q14 -> 8935.3 | O15: =E15/H15*M15 -> 2941 | P15: =(O15/N15)*100 -> 32.914396 | Q15: =N15-O15 -> 5994.3
A16: 13 | B16: Shell-End Milling Roughing (L=25,09 mm, d=5 mm, w=20 mm)(Left Side) | C16: 20 | D16: 5 | E16: 25.09 | F16: 200000 | G16: =F16/3.14/C16 -> 3184.7134 | H16: 250 | I16: 20 | J16: =IF(I16=C16,C16/2,SQRT(I16*(C16-I16))) -> 10 | K16: =((E16+J16)/H16) -> 0.14036 | L16: =K16*60 -> 8.4216 | M16: =I16*D16*H16 -> 25000 | N16: =Q15 -> 5994.3 | O16: =E16/H16*M16 -> 2509 | P16: =(O16/N16)*100 -> 41.85643 | Q16: =N16-O16 -> 3485.3
A17: 14 | B17: Shell-End Milling Roughing (L=20,76 mm, d=3,5 mm, w=20 mm)(Left Side) | C17: 20 | D17: 3.5 | E17: 20.76 | F17: 200000 | G17: =F17/3.14/C17 -> 3184.7134 | H17: 250 | I17: 20 | J17: =IF(I17=C17,C17/2,SQRT(I17*(C17-I17))) -> 10 | K17: =((E17+J17)/H17) -> 0.12304 | L17: =K17*60 -> 7.3824 | M17: =I17*D17*H17 -> 17500 | N17: =Q16 -> 3485.3 | O17: =E17/H17*M17 -> 1453.2 | P17: =(O17/N17)*100 -> 41.69512 | Q17: =N17-O17 -> 2032.1
A18: 15 | B18: Shell-End Milling Finishing (L=17,73 mm, d=0,5 mm, w=20 mm)(Left Side) | C18: 20 | D18: 0.5 | E18: 17.73 | F18: 250000 | G18: =F18/3.14/C18 -> 3980.8917 | H18: 110 | I18: 20 | J18: =IF(I18=C18,C18/2,SQRT(I18*(C18-I18))) -> 10 | K18: =((E18+J18)/H18) -> 0.25209091 | L18: =K18*60 -> 15.125455 | M18: =I18*D18*H18 -> 1100 | N18: =Q17 -> 2032.1 | O18: =E18/H18*M18 -> 177.3 | P18: =(O18/N18)*100 -> 8.7249643 | Q18: =N18-O18 -> 1854.8
A19: 16 | B19: Shell-End Milling Roughing (L=8 mm, d=5 mm, w=20 mm)(Front Side) | C19: 20 | D19: 5 | E19: 8 | F19: 200000 | G19: =F19/3.14/C19 -> 3184.7134 | H19: 250 | I19: 20 | J19: =IF(I19=C19,C19/2,SQRT(I19*(C19-I19))) -> 10 | K19: =((E19+J19)/H19) -> 0.072 | L19: =K19*60 -> 4.32 | M19: =I19*D19*H19 -> 25000 | N19: =Q18 -> 1854.8 | O19: =E19/H19*M19 -> 800 | P19: =(O19/N19)*100 -> 43.131335 | Q19: =N19-O19 -> 1054.8
... A33: 30 | B33: Shell-End Milling Finishing (L=7 mm, d=0,5 mm, w=20 mm)(Front Side) | C33: 20 | D33: 0.5 | E33: 7 | F33: 250000 | G33: =F33/3.14/C33 -> 3980.8917 | H33: 110 | I33: 20 | J33: =IF(I33=C33,C33/2,SQRT(I33*(C33-I33))) -> 10 | K33: =((E33+J33)/H33) -> 0.15454545 | L33: =K33*60 -> 9.2727273 | M33: =I33*D33*H33 -> 1100 | N33: =Q32 -> -10933.2 | O33: =E33/H33*M33 -> 70 | P33: =(O33/N33)*100 -> -0.64025171 | Q33: =N33-O33 -> -11003.2
A36: TURNING
A37: No. Proses | B37: Nama Proses | C37: Do (mm) | D37: Df (mm) | E37: d (mm) | F37: d maks (mm) | G37: L (mm) | H37: f (mm/rev) | I37: v (mm/min) | J37: N (rev/min) | K37: fr (mm/min) | L37: Tm (min) | M37: Tm (sekon) | N37: MRR (mm3/min) | O37: Volume Awal (mm3) | P37: Scrap | Q37: % Scrap | R37: Volume Akhir (mm3)
A38: 2 | B38: Face Turning (L=20 mm, Do=46 mm, Df=45 mm) (All side) | C38: 46 | D38: 45 | E38: =(C38-D38)/2 -> 0.5 | F38: 0.5 | G38: 20 | H38: 0.1 | I38: 400000 | J38: =I38/3.14/C38 -> 2769.316 | K38: =J38*H38 -> 276.9316 | L38: =G38/K38 -> 0.07222 | M38: =L38*60 -> 4.3332 | N38: =I38*H38*E38 -> 20000 | O38: =3.14*23*23*20 -> 33221.2 | P38: =N38*L38 -> 1444.4 | Q38: =P38/O38*100 -> 4.3478261 | R38: =O38-P38 -> 31776.8
A39: 3 | B39: Face Turning (L=20 mm, Do=45 mm, Df=44 mm) (All side) | C39: 45 | D39: 44 | E39: =(C39-D39)/2 -> 0.5 | F39: 0.5 | G39: 20 | H39: 0.1 | I39: 400000 | J39: =I39/3.14/C39 -> 2830.8563 | K39: =J39*H39 -> 283.08563 | L39: =G39/K39 -> 0.07065 | M39: =L39*60 -> 4.239 | N39: =I39*H39*E39 -> 20000 | O39: =R38 -> 31776.8 | P39: =N39*L39 -> 1413 | Q39: =P39/O39*100 -> 4.4466403 | R39: =O39-P39 -> 30363.8
A42: DRILLING (TERMASUK TAPPING DAN BORING)
A43: No. Proses | B43: Nama Proses | C43: D (mm) | D43: d (mm) | E43: f (mm/rev) | F43: v(mm/min) | G43: N (rev/min) | H43: fr (mm/min) | I43: Tm (min) | J43: Tm (sekon) | K43: MRR (mm3/min) | L43: Volume Awal (mm3) | M43: Scrap | N43: % Scrap | O43: Volume Akhir (mm3)
A44: 45 | B44: Drilling (D=14 mm, d=20 mm) | C44: 14 | D44: 20 | E44: =14/15*0.2 -> 0.18666667 | F44: 100000 | G44: =F44/(3.14*C44) -> 2274.7953 | H44: =G44*E44 -> 424.62845 | I44: =D44/H44 -> 0.0471 | J44: =I44*60 -> 2.826 | K44: =(3.14*C44*C44*H44)/4 -> 65333.333 | L44: =Q33 -> -11003.2 | M44: =K44*I44 -> 3077.2 | N44: =M44/L44*100 -> -27.96641 | O44: =L44-M44 -> -14080.4
A45: 46 | B45: Drilling (D=7 mm, d=8 mm) x3 | C45: 7 | D45: 8 | E45: =7/5*0.12 -> 0.168 | F45: 100000 | G45: =F45/(3.14*C45) -> 4549.5905 | H45: =G45*E45 -> 764.33121 | I45: =D45/H45 -> 0.010466667 | J45: =I45*60 -> 0.628 | K45: =(3.14*7*7*H45)/4 -> 29400 | L45: =O44 -> -14080.4 | M45: =K45*I45 -> 307.72 | N45: =M45/L45*100 -> -2.1854493 | O45: =L45-M45 -> -14388.12
A46: 49 | B46: Tapping Drilling (D=6 mm, d=5,46 mm) | C46: 6 | D46: 5.46 | E46: =6/5*0.12 -> 0.144 | F46: 100000 | G46: =F46/(3.14*C46) -> 5307.8556 | H46: =G46*E46 -> 764.33121 | I46: =D46/H46 -> 0.0071435 | J46: =I46*60 -> 0.42861 | K46: =(3.14*7*7*H46)/4 -> 29400 | L46: =O45 -> -14388.12 | M46: =K46*I46 -> 210.0189 | N46: =M46/L46*100 -> -1.4596688 | O46: =L46-M46 -> -14598.139
A49: CUTTING (TERMASUK CHAMFERING LINEAR)
A50: No. Proses | B50: Nama Proses | C50: A (mm) | D50: t (mm) | E50: θ | F50: Volume Awal | G50: Scrap | H50: % Scrap | I50: Volume Akhir (mm3)
A51: 31 | B51: Filleting (L=20 mm, t= 1 mm, ϑ= 45°) x6 (All side) | D51: 1 | E51: 45
A52: 37 | B52: Filleting (L=20 mm, t= 1 mm, ϑ= 45°) x8 (All side) | D52: 1 | E52: 45
A55: LANGKAH MEMBACA REFERENSI KALPAKJIAN - MILLING
A58: 1. Operasi yang ingin digunakan?
A60: 2. Untuk operasi tersebut, perhatikan diameter tools (maximum width of cut) yang digunakan -> untuk pengulangan proses
A62: 3. Proses roughing atau finishing? Ingat semua milling harus ada proses finishing (kecuali dinyatakan sebaliknya).
A64: 4. Untuk operasi tersebut, perhatikan maksimum depth of cut -> untuk pengulangan proses
A66: 5. Material apa yang digunakan? Untuk stainless steel, gunakan 'Carbon steel up to 63 kgf/mm2'
A68: 6. Lihat cutting speed dan feed rate yang direkomendasikan.
U77: PUNCHING/BLANKING
A94: LANGKAH MEMBACA REFERENSI KALPAKJIAN - DRILLING
A96: 1. Berapa diameter drilling yang diinginkan?
A98: 2. Material apa yang digunakan?
A100: 3. Lihat cutting speed dan feed yang direkomendasikan (feed, bukan feed rate)
A101: (cutting speed > feed)
A103: 4. Gunakan interpolasi apabila diperlukan (misal: ketika diameter drill 8 mm)
A105: 5. Lihat cooling/lubricant agents yang direkomendasikan bila diperlukan
A131: LANGKAH MEMBACA REFERENSI KALPAKJIAN - TURNING
A132: 1. Berapa feed yang ingin digunakan? (Pertimbangkan trade off-nya)
A134: 2. Material apa yang digunakan? | Y134: Ringkasan
Y135: Kegiatan | Z135: Jumlah | AA135: Waktu
A136: 3. Cutting tool apa yang digunakan? (Pertimbangkan trade off HSS dan TCT) | Y136: Operasi | Z136: 142 | AA136: 2559.35
Y137: Inspeksi | Z137: 1 | AA137: 0
A138: 4. Lihat cutting speed yang direkomendasikan | Y138: Total | Z138: 143 | AA138: =AA136+0 -> 2559.35

Sheet LRP Pan
A1: LEMBAR RENCANA PROSES | K1: GAMBAR PART
A3: No . | B3: 8 | E3: Halaman ke- | F3: 1
A4: No . Part | B4: 8 | E4: File Gambar | F4: Tripod-R-08-Pan
A5: Nama Part | B5: Pan | E5: Material | F5: Al Alloy
E6: Ukuran | F6: Panjang | G6: 76.37 | I6: mm
A7: Dibuat oleh | B7: Asisten PPST IV | F7: Lebar/Diameter | G7: 57.5 | I7: mm
A8: Tanggal | B8: 3 Maret 2026 | F8: Tinggi | G8: 62.5 | I8: mm
A10: No. Proses | B10: Urutan Operasi | C10: Stasiun Kerja | D10: Setup | F10: Tools | G10: Waktu Setup (detik) | H10: Waktu Proses (detik) | I10: Waktu Total (detik)
D11: n | E11: alat bantu
A12: 1 | B12: Pengukuran | C12: Kerja Bangku | D12: 1 | F12: Jangka Sorong | G12: 0 | H12: 0 | I12: =G12+H12 -> 0
A13: 2 | B13: Chamfer Turning (L =93,6mm, Do = 57,5mm, Df = 51, θ = 40 degree) (bottom side) | C13: Mesin Bubut | D13: 2 | E13: Three Jaw-Chuck | F13: HSS Turning Tool | G13: 180 | H13: 8.91132 | I13: =G13+H13 -> 188.91132
A14: 3 | B14: Shell-End Milling Roughing (L=76,37mm, d=5mm, w=44,5mm) (top side) x 9 | C14: Mesin Milling | D14: 3 | E14: Ragum | F14: HSS Milling Tool D=20 mm | G14: 180 | H14: 185.64402 | I14: =G14+H14 -> 365.64402
A15: 12 | B15: Shell-End Milling Roughing (L=76,37mm, d=2,5mm, w=44,5mm) (top side) | C15: Mesin Milling | D15: 12 | E15: Ragum | F15: HSS Milling Tool D=20 mm | G15: 60 | H15: 20.627113 | I15: =G15+H15 -> 80.627113
A16: 13 | B16: Shell-End Milling Finishing (L=76,37mm, d=1mm, w=44,5mm) (top side) | C16: Mesin Milling | D16: 13 | E16: Ragum | F16: HSS Milling Tool D=20 mm | G16: 60 | H16: 46.879802 | I16: =G16+H16 -> 106.8798
A17: 14 | B17: Shell-End Milling Roughing (L=125,71mm, d=5mm, w=20mm) (top side) x 2 | C17: Mesin Milling | D17: 14 | E17: Ragum | F17: HSS Milling Tool D=20 mm | G17: 60 | H17: 65.1408 | I17: =G17+H17 -> 125.1408
A18: 16 | B18: Shell-End Milling Roughing (L=125,71mm, d=4mm, w=20mm) (top side) | C18: Mesin Milling | D18: 16 | E18: Ragum | F18: HSS Milling Tool D=20 mm | G18: 60 | H18: 32.5704 | I18: =G18+H18 -> 92.5704
A19: 17 | B19: Shell-End Milling Roughing (L=20mm, d=5mm, w=16,7mm) (top side) x 2 | C19: Mesin Milling | D19: 17 | E19: Ragum | F19: HSS Milling Tool D=20 mm | G19: 60 | H19: 26.573344 | I19: =G19+H19 -> 86.573344
A20: 18 | B20: Shell-End Milling Roughing (L=20mm, d=4mm, w=16,7mm) (top side) | C20: Mesin Milling | D20: 18 | E20: Ragum | F20: HSS Milling Tool D=20 mm | G20: 60 | H20: 6.849999 | I20: =G20+H20 -> 66.849999
A21: 19 | B21: Shell-End Milling Roughing (L=33,11mm, d=5mm, w=18,36mm) (top side) x 2 | C21: Mesin Milling | D21: 19 | E21: Ragum | F21: HSS Milling Tool D=20 mm | G21: 60 | H21: 19.992798 | I21: =G21+H21 -> 79.992798
A22: 21 | B22: Shell-End Milling Roughing (L=33,11mm, d=4mm, w=18,36mm) (top side) | C22: Mesin Milling | D22: 21 | E22: Ragum | F22: HSS Milling Tool D=20 mm | G22: 60 | H22: 22.719089 | I22: =G22+H22 -> 82.719089
A23: 22 | B23: Shell-End Milling Roughing (L=25,16mm, d=5mm, w=2m) (top side) x 2 | C23: Mesin Milling | D23: 22 | E23: Ragum | F23: HSS Milling Tool D=20 mm | G23: 60 | H23: 16.8768 | I23: =G23+H23 -> 76.8768
A24: 24 | B24: Shell-End Milling Roughing (L=25,16mm, d=4mm, w=2mm) (top side) | C24: Mesin Milling | D24: 24 | E24: Ragum | F24: HSS Milling Tool D=20 mm | G24: 60 | H24: 18.382725 | I24: =G24+H24 -> 78.382725
... A46: 97 | B46: Drilling (D=9mm, d=0,45mm) (left side) | C46: Mesin Drilling | D46: 97 | E46: Ragum | F46: HSS Center Drill 9 mm | G46: 60 | H46: 0.190755 | I46: =G46+H46 -> 60.190755
A47: 98 | B47: Inspeksi | C47: Kerja Bangku | D47: 98 | F47: Jangka Sorong | G47: 0 | H47: 0 | I47: =G47+H47 -> 0
H48: Total | I48: =SUM(I12:I47) -> 3680.7337

Sheet Perhitungan LRP Pan
A1: PERHITUNGAN LEMBAR RENCANA PROSES | T1: DRILLING | AE1: TURNING
A5: MILLING
A6: No. Proses | B6: Nama Proses | C6: D (mm) | D6: d (mm) | E6: L (mm) | F6: v (mm/min) | G6: N (rev/min) | H6: fr (mm/min) | I6: w (mm) | J6: A (mm) | K6: Tm (min) | L6: Tm (sekon) | M6: MRR (mm3/min) | N6: Volume Awal (mm3) | O6: Scrap | P6: %Scrap | Q6: Volume Akhir (mm3)
A7: 3 | B7: Shell-End Milling Roughing (L=76,37mm, d=5mm, w=44,5mm) (top side) x 9 | C7: 20 | D7: 5 | E7: 76.37 | F7: 200000 | G7: =F7/(C7*3.14) -> 3184.7134 | H7: 250 | I7: 7.12 | J7: =SQRT(I7*(C7-I7)) -> 9.5763041 | K7: =((E7+J7)/H7)*9 -> 3.0940669 | L7: =K7*60 -> 185.64402 | M7: =I7*H7*D7 -> 8900 | N7: =R38 -> 274365.57 | O7: =K7*M7 -> 27537.196 | P7: =((M7*K7)/N7)*100 -> 10.03668 | Q7: =N7-O7 -> 246828.38
A8: 12 | B8: Shell-End Milling Roughing (L=76,37mm, d=2,5mm, w=44,5mm) (top side) | C8: 20 | D8: 2.5 | E8: 76.37 | F8: 200000 | G8: =F8/(C8*3.14) -> 3184.7134 | H8: 250 | I8: 7.12 | J8: =SQRT(I8*(C8-I8)) -> 9.5763041 | K8: =((E8+J8)/H8) -> 0.34378522 | L8: =K8*60 -> 20.627113 | M8: =I8*H8*D8 -> 4450 | N8: =Q7 -> 246828.38 | O8: =K8*M8 -> 1529.8442 | P8: =((M8*K8)/N8)*100 -> 0.61980078 | Q8: =N8-O8 -> 245298.53
A9: 13 | B9: Shell-End Milling Finishing (L=76,37mm, d=1mm, w=44,5mm) (top side) | C9: 20 | D9: 1 | E9: 76.37 | F9: 250000 | G9: =F9/(C9*3.14) -> 3980.8917 | H9: 110 | I9: 7.12 | J9: =SQRT(I9*(C9-I9)) -> 9.5763041 | K9: =((E9+J9)/H9) -> 0.78133004 | L9: =K9*60 -> 46.879802 | M9: =I9*H9*D9 -> 783.2 | N9: =Q8 -> 245298.53 | O9: =K9*M9 -> 611.93769 | P9: =((M9*K9)/N9)*100 -> 0.24946651 | Q9: =N9-O9 -> 244686.6
A10: 14 | B10: Shell-End Milling Roughing (L=125,71mm, d=5mm, w=20mm) (top side) x 2 | C10: 20 | D10: 5 | E10: 125.71 | F10: 200000 | G10: =F10/(C10*3.14) -> 3184.7134 | H10: 250 | I10: 20 | J10: =C10/2 -> 10 | K10: =((E10+J10)/H10)*2 -> 1.08568 | L10: =K10*60 -> 65.1408 | M10: =I10*H10*D10 -> 25000 | N10: =Q9 -> 244686.6 | O10: =K10*M10 -> 27142 | P10: =((M10*K10)/N10)*100 -> 11.092557 | Q10: =N10-O10 -> 217544.6
A11: 16 | B11: Shell-End Milling Roughing (L=125,71mm, d=4mm, w=20mm) (top side) | C11: 20 | D11: 4 | E11: 125.71 | F11: 200000 | G11: =F11/(C11*3.14) -> 3184.7134 | H11: 250 | I11: 20 | J11: =C11/2 -> 10 | K11: =((E11+J11)/H11) -> 0.54284 | L11: =K11*60 -> 32.5704 | M11: =I11*H11*D11 -> 20000 | N11: =Q10 -> 217544.6 | O11: =K11*M11 -> 10856.8 | P11: =((M11*K11)/N11)*100 -> 4.9906089 | Q11: =N11-O11 -> 206687.8
A12: 17 | B12: Shell-End Milling Roughing (L=20mm, d=5mm, w=16,7mm) (top side) x 2 | C12: 20 | D12: 5 | E12: 20 | F12: 250000 | G12: =F12/(C12*3.14) -> 3980.8917 | H12: 110 | I12: 1 | J12: =SQRT(I12*(C12-I12)) -> 4.3588989 | K12: =((E12+J12)/H12)*2 -> 0.44288907 | L12: =K12*60 -> 26.573344 | M12: =I12*H12*D12 -> 550 | N12: =Q11 -> 206687.8 | O12: =K12*M12 -> 243.58899 | P12: =((M12*K12)/N12)*100 -> 0.11785359 | Q12: =N12-O12 -> 206444.21
A13: 18 | B13: Shell-End Milling Roughing (L=20mm, d=4mm, w=16,7mm) (top side) | C13: 20 | D13: 4 | E13: 20 | F13: 200000 | G13: =F13/(C13*3.14) -> 3184.7134 | H13: 250 | I13: 4.8 | J13: =SQRT(I13*(C13-I13)) -> 8.5416626 | K13: =((E13+J13)/H13) -> 0.11416665 | L13: =K13*60 -> 6.849999 | M13: =I13*H13*D13 -> 4800 | N13: =Q12 -> 206444.21 | O13: =K13*M13 -> 547.99992 | P13: =((M13*K13)/N13)*100 -> 0.26544698 | Q13: =N13-O13 -> 205896.21
A14: 19 | B14: Shell-End Milling Roughing (L=33,11mm, d=5mm, w=18,36mm) (top side) x 2 | C14: 20 | D14: 5 | E14: 33.11 | F14: 200000 | G14: =F14/(C14*3.14) -> 3184.7134 | H14: 250 | I14: 4.8 | J14: =SQRT(I14*(C14-I14)) -> 8.5416626 | K14: =((E14+J14)/H14)*2 -> 0.3332133 | L14: =K14*60 -> 19.992798 | M14: =I14*H14*D14 -> 6000 | N14: =Q13 -> 205896.21 | O14: =K14*M14 -> 1999.2798 | P14: =((M14*K14)/N14)*100 -> 0.97101342 | Q14: =N14-O14 -> 203896.93
A15: 21 | B15: Shell-End Milling Roughing (L=33,11mm, d=4mm, w=18,36mm) (top side) | C15: 20 | D15: 4 | E15: 33.11 | F15: 250000 | G15: =F15/(C15*3.14) -> 3980.8917 | H15: 110 | I15: 4.8 | J15: =SQRT(I15*(C15-I15)) -> 8.5416626 | K15: =((E15+J15)/H15) -> 0.37865148 | L15: =K15*60 -> 22.719089 | M15: =I15*H15*D15 -> 2112 | N15: =Q14 -> 203896.93 | O15: =K15*M15 -> 799.71192 | P15: =((M15*K15)/N15)*100 -> 0.39221382 | Q15: =N15-O15 -> 203097.22
A16: 22 | B16: Shell-End Milling Roughing (L=25,16mm, d=5mm, w=2m) (top side) x 2 | C16: 20 | D16: 5 | E16: 25.16 | F16: 200000 | G16: =F16/(C16*3.14) -> 3184.7134 | H16: 250 | I16: 20 | J16: =C16/2 -> 10 | K16: =((E16+J16)/H16)*2 -> 0.28128 | L16: =K16*60 -> 16.8768 | M16: =I16*H16*D16 -> 25000 | N16: =Q15 -> 203097.22 | O16: =K16*M16 -> 7032 | P16: =((M16*K16)/N16)*100 -> 3.4623813 | Q16: =N16-O16 -> 196065.22
A17: 24 | B17: Shell-End Milling Roughing (L=25,16mm, d=4mm, w=2mm) (top side) | C17: 20 | D17: 4 | E17: 25.16 | F17: 250000 | G17: =F17/(C17*3.14) -> 3980.8917 | H17: 110 | I17: 4.8 | J17: =SQRT(I17*(C17-I17)) -> 8.5416626 | K17: =((E17+J17)/H17) -> 0.30637875 | L17: =K17*60 -> 18.382725 | M17: =I17*H17*D17 -> 2112 | N17: =Q16 -> 196065.22 | O17: =K17*M17 -> 647.07192 | P17: =((M17*K17)/N17)*100 -> 0.33002892 | Q17: =N17-O17 -> 195418.14
A18: 42 | B18: Shell-End Milling Roughing (L=18,51mm, d=5mm, w=6,5mm) (top side) x 9 | C18: 20 | D18: 5 | E18: 18.51 | F18: 200000 | G18: =F18/(C18*3.14) -> 3184.7134 | H18: 250 | I18: 20 | J18: =C18/2 -> 10 | K18: =((E18+J18)/H18)*9 -> 1.02636 | L18: =K18*60 -> 61.5816 | M18: =I18*H18*D18 -> 25000 | N18: =Q17 -> 195418.14 | O18: =K18*M18 -> 25659 | P18: =((M18*K18)/N18)*100 -> 13.130306 | Q18: =N18-O18 -> 169759.14
A19: 51 | B19: Shell-End Milling Roughing (L=18,51mm, d=2,5mm, w=6,5mm) (top side) | C19: 20 | D19: 2.5 | E19: 17.51 | F19: 200000 | G19: =F19/(C19*3.14) -> 3184.7134 | H19: 250 | I19: 20 | J19: =C19/2 -> 10 | K19: =((E19+J19)/H19) -> 0.11004 | L19: =K19*60 -> 6.6024 | M19: =I19*H19*D19 -> 12500 | N19: =Q18 -> 169759.14 | O19: =K19*M19 -> 1375.5 | P19: =((M19*K19)/N19)*100 -> 0.81026563 | Q19: =N19-O19 -> 168383.64
A20: 52 | B20: Shell-End Milling Finishing (L=18,51mm, d=1mm, w=6,5mm) (top side) | C20: 20 | D20: 1 | E20: 18.51 | F20: 250000 | G20: =F20/(C20*3.14) -> 3980.8917 | H20: 110 | I20: 20 | J20: =C20/2 -> 10 | K20: =((E20+J20)/H20) -> 0.25918182 | L20: =K20*60 -> 15.550909 | M20: =I20*H20*D20 -> 2200 | N20: =Q19 -> 168383.64 | O20: =K20*M20 -> 570.2 | P20: =((M20*K20)/N20)*100 -> 0.33863146 | Q20: =N20-O20 -> 167813.44
A21: 53 | B21: Shell-End Milling Roughing (L=25,75mm, d=5mm, w=6,5mm) (top side) x 9 | C21: 20 | D21: 5 | E21: 25.75 | F21: 200000 | G21: =F21/(C21*3.14) -> 3184.7134 | H21: 250 | I21: 4.8 | J21: =SQRT(I21*(C21-I21)) -> 8.5416626 | K21: =((E21+J21)/H21)*9 -> 1.2344999 | L21: =K21*60 -> 74.069991 | M21: =I21*H21*D21 -> 6000 | N21: =Q20 -> 167813.44 | O21: =K21*M21 -> 7406.9991 | P21: =((M21*K21)/N21)*100 -> 4.4138294 | Q21: =N21-O21 -> 160406.44
A22: 62 | B22: Shell-End Milling Roughing (L=25,75mm, d=2,5mm, w=6,5mm) (top side) | C22: 20 | D22: 2.5 | E22: 25.75 | F22: 200000 | G22: =F22/(C22*3.14) -> 3184.7134 | H22: 250 | I22: 4.8 | J22: =SQRT(I22*(C22-I22)) -> 8.5416626 | K22: =((E22+J22)/H22) -> 0.13716665 | L22: =K22*60 -> 8.229999 | M22: =I22*H22*D22 -> 3000 | N22: =Q21 -> 160406.44 | O22: =K22*M22 -> 411.49995 | P22: =((M22*K22)/N22)*100 -> 0.2565358 | Q22: =N22-O22 -> 159994.94
A23: 63 | B23: Shell-End Milling Finishing (L=25,75mm, d=1mm, w=6,5mm) (top side) | C23: 20 | D23: 1 | E23: 25.75 | F23: 250000 | G23: =F23/(C23*3.14) -> 3980.8917 | H23: 110 | I23: 4.8 | J23: =SQRT(I23*(C23-I23)) -> 8.5416626 | K23: =((E23+J23)/H23) -> 0.31174239 | L23: =K23*60 -> 18.704543 | M23: =I23*H23*D23 -> 528 | N23: =Q22 -> 159994.94 | O23: =K23*M23 -> 164.59998 | P23: =((M23*K23)/N23)*100 -> 0.10287824 | Q23: =N23-O23 -> 159830.34
A24: 64 | B24: Shell-End Milling Roughing (L=18,51mm, d=5mm, w=6,5mm) (top side) x 9 | C24: 20 | D24: 5 | E24: 18.51 | F24: 200000 | G24: =F24/(C24*3.14) -> 3184.7134 | H24: 250 | I24: 4 | J24: =SQRT(I24*(C24-I24)) -> 8 | K24: =((E24+J24)/H24)*9 -> 0.95436 | L24: =K24*60 -> 57.2616 | M24: =I24*H24*D24 -> 5000 | N24: =Q23 -> 159830.34 | O24: =K24*M24 -> 4771.8 | P24: =((M24*K24)/N24)*100 -> 2.9855407 | Q24: =N24-O24 -> 155058.54
A25: 73 | B25: Shell-End Milling Roughing (L=18,51mm, d=2,5mm, w=6,5mm) (top side) | C25: 20 | D25: 2.5 | E25: 18.51 | F25: 250000 | G25: =F25/(C25*3.14) -> 3980.8917 | H25: 110 | I25: 4 | J25: =SQRT(I25*(C25-I25)) -> 8 | K25: =((E25+J25)/H25) -> 0.241 | L25: =K25*60 -> 14.46 | M25: =I25*H25*D25 -> 1100 | N25: =Q24 -> 155058.54 | O25: =K25*M25 -> 265.1 | P25: =((M25*K25)/N25)*100 -> 0.17096768 | Q25: =N25-O25 -> 154793.44 | T25: MILLING | AE25: BENDING
A26: 74 | B26: Shell-End Milling Finishing (L=18,51mm, d=1mm, w=6,5mm) (top side) | C26: 20 | D26: 1 | E26: 18.51 | F26: 200000 | G26: =F26/(C26*3.14) -> 3184.7134 | H26: 250 | I26: 4 | J26: =SQRT(I26*(C26-I26)) -> 8 | K26: =((E26+J26)/H26) -> 0.10604 | L26: =K26*60 -> 6.3624 | M26: =I26*H26*D26 -> 1000 | N26: =Q25 -> 154793.44 | O26: =K26*M26 -> 106.04 | P26: =((M26*K26)/N26)*100 -> 0.068504193 | Q26: =N26-O26 -> 154687.4
A27: 75 | B27: Shell-End Milling Roughing (L=25,75mm, d=5mm, w=6,5mm) (top side) x 9 | C27: 20 | D27: 5 | E27: 25.75 | F27: 200000 | G27: =F27/(C27*3.14) -> 3184.7134 | H27: 250 | I27: 4 | J27: =SQRT(I27*(C27-I27)) -> 8 | K27: =((E27+J27)/H27)*9 -> 1.215 | L27: =K27*60 -> 72.9 | M27: =I27*H27*D27 -> 5000 | N27: =Q26 -> 154687.4 | O27: =K27*M27 -> 6075 | P27: =((M27*K27)/N27)*100 -> 3.9272751 | Q27: =N27-O27 -> 148612.4
A28: 84 | B28: Shell-End Milling Roughing (L=25,75mm, d=2,5mm, w=6,5mm) (top side) | C28: 20 | D28: 2.5 | E28: 25.75 | F28: 250000 | G28: =F28/(C28*3.14) -> 3980.8917 | H28: 110 | I28: 4 | J28: =SQRT(I28*(C28-I28)) -> 8 | K28: =((E28+J28)/H28) -> 0.30681818 | L28: =K28*60 -> 18.409091 | M28: =I28*H28*D28 -> 1100 | N28: =Q27 -> 148612.4 | O28: =K28*M28 -> 337.5 | P28: =((M28*K28)/N28)*100 -> 0.22710083 | Q28: =N28-O28 -> 148274.9
A29: 85 | B29: Shell-End Milling Finishing (L=25,75mm, d=1mm, w=6,5mm) (top side) | C29: 20 | D29: 1 | E29: 25.75 | F29: 200000 | G29: =F29/(C29*3.14) -> 3184.7134 | H29: 250 | I29: 10 | J29: =SQRT(I29*(C29-I29)) -> 10 | K29: =((E29+J29)/H29) -> 0.143 | L29: =K29*60 -> 8.58 | M29: =I29*H29*D29 -> 2500 | N29: =Q28 -> 148274.9 | O29: =K29*M29 -> 357.5 | P29: =((M29*K29)/N29)*100 -> 0.24110621 | Q29: =N29-O29 -> 147917.4
A30: 86 | B30: Shell-End Milling Roughing (L=109,17mm, d=5mm, w=6,5mm) (right side) | C30: 20 | D30: 5 | E30: 109.17 | F30: 250000 | G30: =F30/(C30*3.14) -> 3980.8917 | H30: 110 | I30: 10 | J30: =SQRT(I30*(C30-I30)) -> 10 | K30: =((E30+J30)/H30) -> 1.0833636 | L30: =K30*60 -> 65.001818 | M30: =I30*H30*D30 -> 5500 | N30: =Q29 -> 147917.4 | O30: =K30*M30 -> 5958.5 | P30: =((M30*K30)/N30)*100 -> 4.0282616 | Q30: =N30-O30 -> 141958.9
A31: 87 | B31: Shell-End Milling Roughing (L=109,17mm, d=2,5mm, w=6,5mm) (right side) | C31: 20 | D31: 2.5 | E31: 109.17 | F31: 200000 | G31: =F31/(C31*3.14) -> 3184.7134 | H31: 250 | I31: 10 | J31: =SQRT(I31*(C31-I31)) -> 10 | K31: =((E31+J31)/H31) -> 0.47668 | L31: =K31*60 -> 28.6008 | M31: =I31*H31*D31 -> 6250 | N31: =Q30 -> 141958.9 | O31: =K31*M31 -> 2979.25 | P31: =((M31*K31)/N31)*100 -> 2.0986707 | Q31: =N31-O31 -> 138979.65
A32: 88 | B32: Shell-End Milling Roughing (L=109,17mm, d=5mm, w=6,5mm) (left side) | C32: 20 | D32: 5 | E32: 109.17 | F32: 200000 | G32: =F32/(C32*3.14) -> 3184.7134 | H32: 250 | I32: 10 | J32: =SQRT(I32*(C32-I32)) -> 10 | K32: =((E32+J32)/H32) -> 0.47668 | L32: =K32*60 -> 28.6008 | M32: =I32*H32*D32 -> 12500 | N32: =Q31 -> 138979.65 | O32: =K32*M32 -> 5958.5 | P32: =((M32*K32)/N32)*100 -> 4.2873182 | Q32: =N32-O32 -> 133021.15
A33: 89 | B33: Shell-End Milling Roughing (L=109,17mm, d=2,5mm, w=6,5mm) (left side) | C33: 20 | D33: 2.5 | E33: 109.17 | F33: 250000 | G33: =F33/(C33*3.14) -> 3980.8917 | H33: 110 | I33: 10 | J33: =SQRT(I33*(C33-I33)) -> 10 | K33: =((E33+J33)/H33) -> 1.0833636 | L33: =K33*60 -> 65.001818 | M33: =I33*H33*D33 -> 2750 | N33: =Q32 -> 133021.15 | O33: =K33*M33 -> 2979.25 | P33: =((M33*K33)/N33)*100 -> 2.2396814 | Q33: =N33-O33 -> 130041.9
A36: TURNING
A37: No. Proses | B37: Nama Proses | C37: Do (mm) | D37: Df (mm) | E37: d (mm) | F37: d maks (mm) | G37: L (mm) | H37: f (mm/rev) | I37: v (mm/min) | J37: N (rev/min) | K37: fr (mm/min) | L37: Tm (min) | M37: Tm (sekon) | N37: MRR (mm3/min) | O37: Volume Awal (mm3) | P37: Scrap | Q37: % Scrap | R37: Volume Akhir (mm3) | U37: PUNCHING/BLANKING
A38: 2 | B38: Chamfer Turning (L =93,6mm, Do = 57,5mm, Df = 51, θ = 40 degree) (bottom side) | C38: 9 | D38: 51 | E38: 2 | F38: 2 | G38: 94.6 | H38: 0.4 | I38: 45000 | J38: =I38/3.14/C38 -> 1592.3567 | K38: =J38*H38 -> 636.94268 | L38: =G38/K38 -> 0.148522 | M38: =L38*60 -> 8.91132 | N38: =(E38*H38*I38)/60 -> 600 | O38: =PRODUCT('LRP Pan'!G6:H8) -> 274454.69 | P38: =N38*L38 -> 89.1132 | Q38: =P38/O38 -> 0.00032469185 | R38: =O38-P38 -> 274365.57
A41: DRILLING (TERMASUK TAPPING DAN BORING)
A42: No. Proses | B42: Nama Proses | C42: D (mm) | D42: d (mm) | E42: f (mm/rev) | F42: v(mm/min) | G42: N (rev/min) | H42: fr (mm/min) | I42: Tm (min) | J42: Tm (sekon) | K42: MRR (mm3/min) | L42: Volume Awal (mm3) | M42: Scrap | N42: % Scrap | O42: Volume Akhir (mm3)
A43: 25 | B43: Drilling (D=9mm, d=2mm) (right side) x 16 | C43: 9 | D43: 2 | E43: 0.2 | F43: 20000 | G43: =F43/(3.14*C43) -> 707.71408 | H43: =E43*G43 -> 141.54282 | I43: =D43/H43*16 -> 0.22608 | J43: =I43*60 -> 13.5648 | K43: =(3.14*C43*C43*H43)/4 -> 9000 | L43: =Q33 -> 130041.9 | M43: =I43*K43 -> 2034.72 | N43: =((I43*K43)/L43)*100 -> 1.5646649 | O43: =L43-M43 -> 128007.18
A44: 41 | B44: Drilling (D=9mm, d=1,45mm) (right side) | C44: 9 | D44: 1.45 | E44: 0.2 | F44: 20000 | G44: =F44/(3.14*C44) -> 707.71408 | H44: =E44*G44 -> 141.54282 | I44: =D44/H44 -> 0.01024425 | J44: =I44*60 -> 0.614655 | K44: =(3.14*C44*C44*H44)/4 -> 9000 | L44: =O43 -> 128007.18 | M44: =I44*K44 -> 92.19825 | N44: =((I44*K44)/L44)*100 -> 0.07202584 | O44: =L44-M44 -> 127914.99
A45: 90 | B45: Drilling (D=9mm, d=2mm) (left side) x 3 | C45: 9 | D45: 2 | E45: 0.2 | F45: 20000 | G45: =F45/(3.14*C45) -> 707.71408 | H45: =E45*G45 -> 141.54282 | I45: =D45/H45*3 -> 0.04239 | J45: =I45*60 -> 2.5434 | K45: =(3.14*C45*C45*H45)/4 -> 9000 | L45: =O44 -> 127914.99 | M45: =I45*K45 -> 381.51 | N45: =((I45*K45)/L45)*100 -> 0.29825278 | O45: =L45-M45 -> 127533.48
A46: 93 | B46: Drilling (D=9mm, d=0,45mm) (left side) | C46: 9 | D46: 0.45 | E46: 0.2 | F46: 20000 | G46: =F46/(3.14*C46) -> 707.71408 | H46: =E46*G46 -> 141.54282 | I46: =D46/H46 -> 0.00317925 | J46: =I46*60 -> 0.190755 | K46: =(3.14*C46*C46*H46)/4 -> 9000 | L46: =O45 -> 127533.48 | M46: =I46*K46 -> 28.61325 | N46: =((I46*K46)/L46)*100 -> 0.022435874 | O46: =L46-M46 -> 127504.86
A47: 94 | B47: Drilling (D=9mm, d=2mm) (left side) x 3 | C47: 9 | D47: 2 | E47: 0.2 | F47: 20000 | G47: =F47/(3.14*C47) -> 707.71408 | H47: =E47*G47 -> 141.54282 | I47: =D47/H47*3 -> 0.04239 | J47: =I47*60 -> 2.5434 | K47: =(3.14*C47*C47*H47)/4 -> 9000 | L47: =O46 -> 127504.86 | M47: =I47*K47 -> 381.51 | N47: =((I47*K47)/L47)*100 -> 0.29921212 | O47: =L47-M47 -> 127123.35
A48: 97 | B48: Drilling (D=9mm, d=0,45mm) (left side) | C48: 9 | D48: 0.45 | E48: 0.2 | F48: 20000 | G48: =F48/(3.14*C48) -> 707.71408 | H48: =E48*G48 -> 141.54282 | I48: =D48/H48 -> 0.00317925 | J48: =I48*60 -> 0.190755 | K48: =(3.14*C48*C48*H48)/4 -> 9000 | L48: =O47 -> 127123.35 | M48: =I48*K48 -> 28.61325 | N48: =((I48*K48)/L48)*100 -> 0.022508256 | O48: =L48-M48 -> 127094.74
A52: LANGKAH MEMBACA REFERENSI KALPAKJIAN - MILLING
A55: 1. Operasi yang ingin digunakan?
A57: 2. Untuk operasi tersebut, perhatikan diameter tools (maximum width of cut) yang digunakan -> untuk pengulangan proses
A59: 3. Proses roughing atau finishing? Ingat semua milling harus ada proses finishing (kecuali dinyatakan sebaliknya).
A61: 4. Untuk operasi tersebut, perhatikan maksimum depth of cut -> untuk pengulangan proses
A63: 5. Material apa yang digunakan? Untuk stainless steel, gunakan 'Carbon steel up to 63 kgf/mm2'
A65: 6. Lihat cutting speed dan feed rate yang direkomendasikan.
A91: LANGKAH MEMBACA REFERENSI KALPAKJIAN - DRILLING
A93: 1. Berapa diameter drilling yang diinginkan?
A95: 2. Material apa yang digunakan?
A97: 3. Lihat cutting speed dan feed yang direkomendasikan (feed, bukan feed rate)
A98: (cutting speed > feed)
... A135: 4. Lihat cutting speed yang direkomendasikan

Sheet LRP Pivot
A1: LEMBAR RENCANA PROSES | K1: GAMBAR PART
A3: No . | B3: 10 | E3: Halaman ke- | F3: 1
A4: No . Part | B4: 10 | E4: File Gambar | F4: Tripod-R-10-Pivot
A5: Nama Part | B5: Pivot | E5: Material | F5: Al Alloy
E6: Ukuran | F6: Panjang | G6: 75 | I6: mm
A7: Dibuat oleh | B7: Asisten PPST IV | F7: Lebar/Diameter | G7: 65 | I7: mm
A8: Tanggal | B8: 3 Maret 2026 | F8: Tinggi | G8: 50 | I8: mm
A10: No. Proses | B10: Urutan Operasi | C10: Stasiun Kerja | D10: Setup | F10: Tools | G10: Waktu Setup (detik) | H10: Waktu Proses (detik) | I10: Waktu Total (detik)
D11: n | E11: alat bantu
A12: 1 | B12: Pengukuran | C12: Kerja Bangku | F12: Jangka Sorong | G12: 0 | H12: 0 | I12: =G12+H12 -> 0
A13: 2 | B13: Shall-End Milling Roughing (L=75mm, d=5mm, w=7,12mm) (top side) x9 | C13: Mesin Milling | D13: =A13-1 -> 1 | E13: Ragum | F13: HSS Milling Tool D=20 mm | G13: 180 | H13: ='Perhitungan LRP Pivot'!L7 -> 182.68482 | I13: =G13+H13 -> 362.68482
A14: 11 | B14: Shall-End Milling Roughing (L=75mm, d=4mm, w=7,12mm) (top side) | C14: Mesin Milling | D14: =A14-1 -> 10 | E14: Ragum | F14: HSS Milling Tool D=20 mm | G14: 60 | H14: ='Perhitungan LRP Pivot'!L8 -> 20.298313 | I14: =G14+H14 -> 80.298313
A15: 12 | B15: Shall-End Milling Finishing (L=75mm, d=1mm, w=7,12mm) (top side) | C15: Mesin Milling | D15: =A15-1 -> 11 | E15: Ragum | F15: HSS Milling Tool D=20 mm | G15: 60 | H15: ='Perhitungan LRP Pivot'!L9 -> 46.13253 | I15: =G15+H15 -> 106.13253
A16: 13 | B16: Shall-End Milling Roughing (L=25mm, d=5mm, w=20mm) (top side) x9 | C16: Mesin Milling | D16: =A16-1 -> 12 | E16: Ragum | F16: HSS Milling Tool D=20 mm | G16: 90 | H16: ='Perhitungan LRP Pivot'!L10 -> 75.6 | I16: =G16+H16 -> 165.6
A17: 22 | B17: Shall-End Milling Roughing (L=25mm, d=4mm, w=20mm) (top side) | C17: Mesin Milling | D17: =A17-1 -> 21 | E17: Ragum | F17: HSS Milling Tool D=20 mm | G17: 60 | H17: ='Perhitungan LRP Pivot'!L11 -> 8.4 | I17: =G17+H17 -> 68.4
A18: 23 | B18: Shall-End Milling Finishing (L=25mm, d=1mm, w=20mm) (top side) | C18: Mesin Milling | D18: =A18-1 -> 22 | E18: Ragum | F18: HSS Milling Tool D=20 mm | G18: 60 | H18: ='Perhitungan LRP Pivot'!L12 -> 16.013945 | I18: =G18+H18 -> 76.013945
A19: 24 | B19: Shall-End Milling Roughing (L=25mm, d=5mm, w=4,8mm) (top side) x9 | C19: Mesin Milling | D19: =A19-1 -> 23 | E19: Ragum | F19: HSS Milling Tool D=20 mm | G19: 90 | H19: ='Perhitungan LRP Pivot'!L13 -> 72.449991 | I19: =G19+H19 -> 162.44999
A20: 33 | B20: Shall-End Milling Roughing (L=25mm, d=4mm, w=4,8mm) (top side) | C20: Mesin Milling | D20: =A20-1 -> 32 | E20: Ragum | F20: HSS Milling Tool D=20 mm | G20: 60 | H20: ='Perhitungan LRP Pivot'!L14 -> 8.049999 | I20: =G20+H20 -> 68.049999
A21: 34 | B21: Shall-End Milling Finishing (L=25mm, d=1mm, w=4,8mm) (top side) | C21: Mesin Milling | D21: =A21-1 -> 33 | E21: Ragum | F21: HSS Milling Tool D=20 mm | G21: 60 | H21: ='Perhitungan LRP Pivot'!L15 -> 27.56818 | I21: =G21+H21 -> 87.56818
A22: 35 | B22: Shall-End Milling Roughing (L=42mm, d=3mm, w=20mm) (top side) x2 | C22: Mesin Milling | D22: =A22-1 -> 34 | E22: Ragum | F22: HSS Milling Tool D=20 mm | G22: 90 | H22: ='Perhitungan LRP Pivot'!L16 -> 24.96 | I22: =G22+H22 -> 114.96
A23: 37 | B23: Shall-End Milling Finishing (L=42mm, d=1mm, w=4,8mm) (top side) | C23: Mesin Milling | D23: =A23-1 -> 36 | E23: Ragum | F23: HSS Milling Tool D=20 mm | G23: 60 | H23: ='Perhitungan LRP Pivot'!L17 -> 9.0227251 | I23: =G23+H23 -> 69.022725
A24: 38 | B24: Shall-End Milling Roughing (L=8mm, d=5mm, w=20mm) (top side) x9 | C24: Mesin Milling | D24: =A24-1 -> 37 | E24: Ragum | F24: HSS Milling Tool D=20 mm | G24: 90 | H24: ='Perhitungan LRP Pivot'!L18 -> 38.88 | I24: =G24+H24 -> 128.88
... A62: 133 | B62: Shall-End Milling Finishing (L=34,54mm, d=1mm, w=2,5mm) (bottom side) | C62: Mesin Milling | D62: =A62-1 -> 132 | E62: Ragum | F62: HSS Milling Tool D=20 mm | G62: 60 | H62: ='Perhitungan LRP Pivot'!L56 -> 22.447843 | I62: =G62+H62 -> 82.447843
A63: 134 | B63: Drilling (D=8,5mm, d=65mm) (bottom side) | C63: Mesin Drilling | D63: =A63-1 -> 133 | E63: Ragum | F63: HSS Drilling Tool D=8,5 mm | G63: 180 | H63: ='Perhitungan LRP Pivot'!J70 -> 30.615 | I63: =G63+H63 -> 210.615
A64: 135 | B64: Drilling (D=8,5mm, d=15mm) (front side) | C64: Mesin Drilling | D64: =A64-1 -> 134 | E64: Ragum | F64: HSS Drilling Tool D=8,5 mm | G64: 90 | H64: ='Perhitungan LRP Pivot'!J71 -> 7.065 | I64: =G64+H64 -> 97.065
A65: 136 | B65: Shall-End Milling Roughing (L=31,4mm, d=5mm, w=1,5mm) (bottom side) x2 | C65: Mesin Milling | D65: =A65-1 -> 135 | E65: Ragum | F65: HSS Milling Tool D=20 mm | G65: 180 | H65: ='Perhitungan LRP Pivot'!L57 -> 17.600557 | I65: =G65+H65 -> 197.60056
A66: 138 | B66: Shall-End Milling Roughing (L=31,4mm, d=4mm, w=1,5mm) (bottom side) | C66: Mesin Milling | D66: =A66-1 -> 137 | E66: Ragum | F66: HSS Milling Tool D=20 mm | G66: 60 | H66: ='Perhitungan LRP Pivot'!L58 -> 8.8002785 | I66: =G66+H66 -> 68.800278
A67: 139 | B67: Shall-End Milling Finishing (L=31,4mm, d=1mm, w=1,5mm) (bottom side) | C67: Mesin Milling | D67: =A67-1 -> 138 | E67: Ragum | F67: HSS Milling Tool D=20 mm | G67: 60 | H67: ='Perhitungan LRP Pivot'!L59 -> 20.000633 | I67: =G67+H67 -> 80.000633
A68: 140 | B68: Inspeksi | C68: Kerja Bangku | F68: Jangka Sorong | G68: 0 | H68: ='Perhitungan LRP Pivot'!L60 -> 0 | I68: =G68+H68 -> 0
H69: Total | I69: =SUM(I12:I68) -> 5774.3192

Sheet Perhitungan LRP Pivot
A1: PERHITUNGAN LEMBAR RENCANA PROSES | T1: DRILLING | AE1: TURNING
A5: MILLING
A6: No. Proses | B6: Nama Proses | C6: D (mm) | D6: d (mm) | E6: L (mm) | F6: v (mm/min) | G6: N (rev/min) | H6: fr (mm/min) | I6: w (mm) | J6: A (mm) | K6: Tm (min) | L6: Tm (sekon) | M6: MRR (mm3/min) | N6: Volume Awal (mm3) | O6: Scrap | P6: %Scrap | Q6: Volume Akhir (mm3)
A7: 2 | B7: Shall-End Milling Roughing (L=75mm, d=5mm, w=7,12mm) (top side) x9 | C7: 20 | D7: 5 | E7: 75 | F7: 200000 | G7: =F7/(C7*3.14) -> 3184.7134 | H7: 250 | I7: 7.12 | J7: =SQRT(I7*(C7-I7)) -> 9.5763041 | K7: =((E7+J7)/H7)*9 -> 3.0447469 | L7: =K7*60 -> 182.68482 | M7: =I7*H7*D7 -> 8900 | N7: 243750 | O7: =K7*M7 -> 27098.248 | P7: =((M7*K7)/N7)*100 -> 11.11723 | Q7: =N7-O7 -> 216651.75
A8: 11 | B8: Shall-End Milling Roughing (L=75mm, d=4mm, w=7,12mm) (top side) | C8: 20 | D8: 4 | E8: 75 | F8: 200000 | G8: =F8/(C8*3.14) -> 3184.7134 | H8: 250 | I8: 7.12 | J8: =SQRT(I8*(C8-I8)) -> 9.5763041 | K8: =((E8+J8)/H8) -> 0.33830522 | L8: =K8*60 -> 20.298313 | M8: =I8*H8*D8 -> 7120 | N8: =Q7 -> 216651.75 | O8: =K8*M8 -> 2408.7331 | P8: =((M8*K8)/N8)*100 -> 1.1117995 | Q8: =N8-O8 -> 214243.02
A9: 12 | B9: Shall-End Milling Finishing (L=75mm, d=1mm, w=7,12mm) (top side) | C9: 20 | D9: 1 | E9: 75 | F9: 250000 | G9: =F9/(C9*3.14) -> 3980.8917 | H9: 110 | I9: 7.12 | J9: =SQRT(I9*(C9-I9)) -> 9.5763041 | K9: =((E9+J9)/H9) -> 0.76887549 | L9: =K9*60 -> 46.13253 | M9: =I9*H9*D9 -> 783.2 | N9: =Q8 -> 214243.02 | O9: =K9*M9 -> 602.18329 | P9: =((M9*K9)/N9)*100 -> 0.28107487 | Q9: =N9-O9 -> 213640.84
A10: 13 | B10: Shall-End Milling Roughing (L=25mm, d=5mm, w=20mm) (top side) x9 | C10: 20 | D10: 5 | E10: 25 | F10: 200000 | G10: =F10/(C10*3.14) -> 3184.7134 | H10: 250 | I10: 20 | J10: =C10/2 -> 10 | K10: =((E10+J10)/H10)*9 -> 1.26 | L10: =K10*60 -> 75.6 | M10: =I10*H10*D10 -> 25000 | N10: =Q9 -> 213640.84 | O10: =K10*M10 -> 31500 | P10: =((M10*K10)/N10)*100 -> 14.744372 | Q10: =N10-O10 -> 182140.84
A11: 22 | B11: Shall-End Milling Roughing (L=25mm, d=4mm, w=20mm) (top side) | C11: 20 | D11: 4 | E11: 25 | F11: 200000 | G11: =F11/(C11*3.14) -> 3184.7134 | H11: 250 | I11: 20 | J11: =C11/2 -> 10 | K11: =((E11+J11)/H11) -> 0.14 | L11: =K11*60 -> 8.4 | M11: =I11*H11*D11 -> 20000 | N11: =Q10 -> 182140.84 | O11: =K11*M11 -> 2800 | P11: =((M11*K11)/N11)*100 -> 1.537272 | Q11: =N11-O11 -> 179340.84
A12: 23 | B12: Shall-End Milling Finishing (L=25mm, d=1mm, w=20mm) (top side) | C12: 20 | D12: 1 | E12: 25 | F12: 250000 | G12: =F12/(C12*3.14) -> 3980.8917 | H12: 110 | I12: 1 | J12: =SQRT(I12*(C12-I12)) -> 4.3588989 | K12: =((E12+J12)/H12) -> 0.26689908 | L12: =K12*60 -> 16.013945 | M12: =I12*H12*D12 -> 110 | N12: =Q11 -> 179340.84 | O12: =K12*M12 -> 29.358899 | P12: =((M12*K12)/N12)*100 -> 0.016370448 | Q12: =N12-O12 -> 179311.48
A13: 24 | B13: Shall-End Milling Roughing (L=25mm, d=5mm, w=4,8mm) (top side) x9 | C13: 20 | D13: 5 | E13: 25 | F13: 200000 | G13: =F13/(C13*3.14) -> 3184.7134 | H13: 250 | I13: 4.8 | J13: =SQRT(I13*(C13-I13)) -> 8.5416626 | K13: =((E13+J13)/H13)*9 -> 1.2074999 | L13: =K13*60 -> 72.449991 | M13: =I13*H13*D13 -> 6000 | N13: =Q12 -> 179311.48 | O13: =K13*M13 -> 7244.9991 | P13: =((M13*K13)/N13)*100 -> 4.0404548 | Q13: =N13-O13 -> 172066.48
A14: 33 | B14: Shall-End Milling Roughing (L=25mm, d=4mm, w=4,8mm) (top side) | C14: 20 | D14: 4 | E14: 25 | F14: 200000 | G14: =F14/(C14*3.14) -> 3184.7134 | H14: 250 | I14: 4.8 | J14: =SQRT(I14*(C14-I14)) -> 8.5416626 | K14: =((E14+J14)/H14) -> 0.13416665 | L14: =K14*60 -> 8.049999 | M14: =I14*H14*D14 -> 4800 | N14: =Q13 -> 172066.48 | O14: =K14*M14 -> 643.99992 | P14: =((M14*K14)/N14)*100 -> 0.3742739 | Q14: =N14-O14 -> 171422.48
A15: 34 | B15: Shall-End Milling Finishing (L=25mm, d=1mm, w=4,8mm) (top side) | C15: 20 | D15: 1 | E15: 42 | F15: 250000 | G15: =F15/(C15*3.14) -> 3980.8917 | H15: 110 | I15: 4.8 | J15: =SQRT(I15*(C15-I15)) -> 8.5416626 | K15: =((E15+J15)/H15) -> 0.45946966 | L15: =K15*60 -> 27.56818 | M15: =I15*H15*D15 -> 528 | N15: =Q14 -> 171422.48 | O15: =K15*M15 -> 242.59998 | P15: =((M15*K15)/N15)*100 -> 0.14152169 | Q15: =N15-O15 -> 171179.88
A16: 35 | B16: Shall-End Milling Roughing (L=42mm, d=3mm, w=20mm) (top side) x2 | C16: 20 | D16: 3 | E16: 42 | F16: 200000 | G16: =F16/(C16*3.14) -> 3184.7134 | H16: 250 | I16: 20 | J16: =C16/2 -> 10 | K16: =((E16+J16)/H16)*2 -> 0.416 | L16: =K16*60 -> 24.96 | M16: =I16*H16*D16 -> 15000 | N16: =Q15 -> 171179.88 | O16: =K16*M16 -> 6240 | P16: =((M16*K16)/N16)*100 -> 3.6452883 | Q16: =N16-O16 -> 164939.88
A17: 37 | B17: Shall-End Milling Finishing (L=42mm, d=1mm, w=4,8mm) (top side) | C17: 20 | D17: 1 | E17: 8 | F17: 250000 | G17: =F17/(C17*3.14) -> 3980.8917 | H17: 110 | I17: 4.8 | J17: =SQRT(I17*(C17-I17)) -> 8.5416626 | K17: =((E17+J17)/H17) -> 0.15037875 | L17: =K17*60 -> 9.0227251 | M17: =I17*H17*D17 -> 528 | N17: =Q16 -> 164939.88 | O17: =K17*M17 -> 79.39998 | P17: =((M17*K17)/N17)*100 -> 0.048138741 | Q17: =N17-O17 -> 164860.48
A18: 38 | B18: Shall-End Milling Roughing (L=8mm, d=5mm, w=20mm) (top side) x9 | C18: 20 | D18: 5 | E18: 8 | F18: 200000 | G18: =F18/(C18*3.14) -> 3184.7134 | H18: 250 | I18: 20 | J18: =C18/2 -> 10 | K18: =((E18+J18)/H18)*9 -> 0.648 | L18: =K18*60 -> 38.88 | M18: =I18*H18*D18 -> 25000 | N18: =Q17 -> 164860.48 | O18: =K18*M18 -> 16200 | P18: =((M18*K18)/N18)*100 -> 9.826491 | Q18: =N18-O18 -> 148660.48
A19: 47 | B19: Shall-End Milling Roughing (L=8mm, d=4mm, w=20mm) (top side) | C19: 20 | D19: 4 | E19: 8 | F19: 200000 | G19: =F19/(C19*3.14) -> 3184.7134 | H19: 250 | I19: 20 | J19: =C19/2 -> 10 | K19: =((E19+J19)/H19) -> 0.072 | L19: =K19*60 -> 4.32 | M19: =I19*H19*D19 -> 20000 | N19: =Q18 -> 148660.48 | O19: =K19*M19 -> 1440 | P19: =((M19*K19)/N19)*100 -> 0.96865019 | Q19: =N19-O19 -> 147220.48
A20: 48 | B20: Shall-End Milling Finishing (L=8mm, d=1mm, w=20mm) (top side) | C20: 20 | D20: 1 | E20: 8 | F20: 250000 | G20: =F20/(C20*3.14) -> 3980.8917 | H20: 110 | I20: 20 | J20: =C20/2 -> 10 | K20: =((E20+J20)/H20) -> 0.16363636 | L20: =K20*60 -> 9.8181818 | M20: =I20*H20*D20 -> 2200 | N20: =Q19 -> 147220.48 | O20: =K20*M20 -> 360 | P20: =((M20*K20)/N20)*100 -> 0.2445312 | Q20: =N20-O20 -> 146860.48
A21: 49 | B21: Shall-End Milling Roughing (L=8mm, d=5mm, w=4,8mm) (top side) x9 | C21: 20 | D21: 5 | E21: 8 | F21: 200000 | G21: =F21/(C21*3.14) -> 3184.7134 | H21: 250 | I21: 4.8 | J21: =SQRT(I21*(C21-I21)) -> 8.5416626 | K21: =((E21+J21)/H21)*9 -> 0.59549985 | L21: =K21*60 -> 35.729991 | M21: =I21*H21*D21 -> 6000 | N21: =Q20 -> 146860.48 | O21: =K21*M21 -> 3572.9991 | P21: =((M21*K21)/N21)*100 -> 2.4329208 | Q21: =N21-O21 -> 143287.48
A22: 58 | B22: Shall-End Milling Roughing (L=8mm, d=4mm, w=4,8mm) (top side) | C22: 20 | D22: 4 | E22: 8 | F22: 200000 | G22: =F22/(C22*3.14) -> 3184.7134 | H22: 250 | I22: 4.8 | J22: =SQRT(I22*(C22-I22)) -> 8.5416626 | K22: =((E22+J22)/H22) -> 0.06616665 | L22: =K22*60 -> 3.969999 | M22: =I22*H22*D22 -> 4800 | N22: =Q21 -> 143287.48 | O22: =K22*M22 -> 317.59992 | P22: =((M22*K22)/N22)*100 -> 0.22165225 | Q22: =N22-O22 -> 142969.88
A23: 59 | B23: Shall-End Milling Finishing (L=8mm, d=1mm, w=4,8mm) (top side) | C23: 20 | D23: 1 | E23: 8 | F23: 250000 | G23: =F23/(C23*3.14) -> 3980.8917 | H23: 110 | I23: 4.8 | J23: =SQRT(I23*(C23-I23)) -> 8.5416626 | K23: =((E23+J23)/H23) -> 0.15037875 | L23: =K23*60 -> 9.0227251 | M23: =I23*H23*D23 -> 528 | N23: =Q22 -> 142969.88 | O23: =K23*M23 -> 79.39998 | P23: =((M23*K23)/N23)*100 -> 0.05553616 | Q23: =N23-O23 -> 142890.48
A24: 60 | B24: Shall-End Milling Roughing (L=68,8mm, d=2mm, w=4mm) (top side) | C24: 20 | D24: 2 | E24: 68.8 | F24: 200000 | G24: =F24/(C24*3.14) -> 3184.7134 | H24: 250 | I24: 4 | J24: =SQRT(I24*(C24-I24)) -> 8 | K24: =((E24+J24)/H24) -> 0.3072 | L24: =K24*60 -> 18.432 | M24: =I24*H24*D24 -> 2000 | N24: =Q23 -> 142890.48 | O24: =K24*M24 -> 614.4 | P24: =((M24*K24)/N24)*100 -> 0.42997966 | Q24: =N24-O24 -> 142276.08
A25: 61 | B25: Shall-End Milling Finishing (L=68,8mm, d=0,75mm, w=4mm) (top side) | C25: 20 | D25: 0.75 | E25: 68.8 | F25: 250000 | G25: =F25/(C25*3.14) -> 3980.8917 | H25: 110 | I25: 4 | J25: =SQRT(I25*(C25-I25)) -> 8 | K25: =((E25+J25)/H25) -> 0.69818182 | L25: =K25*60 -> 41.890909 | M25: =I25*H25*D25 -> 330 | N25: =Q24 -> 142276.08 | O25: =K25*M25 -> 230.4 | P25: =((M25*K25)/N25)*100 -> 0.16193868 | Q25: =N25-O25 -> 142045.68 | T25: MILLING | AE25: BENDING
A26: 62 | B26: Shall-End Milling Roughing (L=6,2mm, d=5mm, w=4mm) (top side) x9 | C26: 20 | D26: 5 | E26: 6.2 | F26: 200000 | G26: =F26/(C26*3.14) -> 3184.7134 | H26: 250 | I26: 4 | J26: =SQRT(I26*(C26-I26)) -> 8 | K26: =((E26+J26)/H26) -> 0.0568 | L26: =K26*60 -> 3.408 | M26: =I26*H26*D26 -> 5000 | N26: =Q25 -> 142045.68 | O26: =K26*M26 -> 284 | P26: =((M26*K26)/N26)*100 -> 0.19993568 | Q26: =N26-O26 -> 141761.68
A27: 71 | B27: Shall-End Milling Roughing (L=6,2mm, d=4mm, w=4mm) (top side) | C27: 20 | D27: 4 | E27: 6.2 | F27: 200000 | G27: =F27/(C27*3.14) -> 3184.7134 | H27: 250 | I27: 4 | J27: =SQRT(I27*(C27-I27)) -> 8 | K27: =((E27+J27)/H27)*9 -> 0.5112 | L27: =K27*60 -> 30.672 | M27: =I27*H27*D27 -> 4000 | N27: =Q26 -> 141761.68 | O27: =K27*M27 -> 2044.8 | P27: =((M27*K27)/N27)*100 -> 1.4424208 | Q27: =N27-O27 -> 139716.88
A28: 72 | B28: Shall-End Milling Finishing (L=6,2mm, d=1mm, w=4mm) (top side) | C28: 20 | D28: 1 | E28: 6.2 | F28: 250000 | G28: =F28/(C28*3.14) -> 3980.8917 | H28: 110 | I28: 4 | J28: =SQRT(I28*(C28-I28)) -> 8 | K28: =((E28+J28)/H28) -> 0.12909091 | L28: =K28*60 -> 7.7454545 | M28: =I28*H28*D28 -> 440 | N28: =Q27 -> 139716.88 | O28: =K28*M28 -> 56.8 | P28: =((M28*K28)/N28)*100 -> 0.040653642 | Q28: =N28-O28 -> 139660.08
A29: 73 | B29: Shall-End Milling Roughing (L=67mm, d=2mm, w=10mm) (top side) | C29: 20 | D29: 2 | E29: 67 | F29: 200000 | G29: =F29/(C29*3.14) -> 3184.7134 | H29: 250 | I29: 10 | J29: =SQRT(I29*(C29-I29)) -> 10 | K29: =((E29+J29)/H29) -> 0.308 | L29: =K29*60 -> 18.48 | M29: =I29*H29*D29 -> 5000 | N29: =Q28 -> 139660.08 | O29: =K29*M29 -> 1540 | P29: =((M29*K29)/N29)*100 -> 1.1026773 | Q29: =N29-O29 -> 138120.08
A30: 74 | B30: Shall-End Milling Finishing (L=67mm, d=0.75mm, w=10mm) (top side) | C30: 20 | D30: 0.75 | E30: 67 | F30: 250000 | G30: =F30/(C30*3.14) -> 3980.8917 | H30: 110 | I30: 10 | J30: =SQRT(I30*(C30-I30)) -> 10 | K30: =((E30+J30)/H30) -> 0.7 | L30: =K30*60 -> 42 | M30: =I30*H30*D30 -> 825 | N30: =Q29 -> 138120.08 | O30: =K30*M30 -> 577.5 | P30: =((M30*K30)/N30)*100 -> 0.41811444 | Q30: =N30-O30 -> 137542.58
A31: 75 | B31: Shall-End Milling Roughing (L=8mm, d=5mm, w=10mm) (top side) x9 | C31: 20 | D31: 5 | E31: 8 | F31: 200000 | G31: =F31/(C31*3.14) -> 3184.7134 | H31: 250 | I31: 10 | J31: =SQRT(I31*(C31-I31)) -> 10 | K31: =((E31+J31)/H31)*9 -> 0.648 | L31: =K31*60 -> 38.88 | M31: =I31*H31*D31 -> 12500 | N31: =Q30 -> 137542.58 | O31: =K31*M31 -> 8100 | P31: =((M31*K31)/N31)*100 -> 5.8890855 | Q31: =N31-O31 -> 129442.58
A32: 84 | B32: Shall-End Milling Roughing (L=8mm, d=4mm, w=10mm) (top side) | C32: 20 | D32: 4 | E32: 8 | F32: 200000 | G32: =F32/(C32*3.14) -> 3184.7134 | H32: 250 | I32: 10 | J32: =SQRT(I32*(C32-I32)) -> 10 | K32: =((E32+J32)/H32) -> 0.072 | L32: =K32*60 -> 4.32 | M32: =I32*H32*D32 -> 10000 | N32: =Q31 -> 129442.58 | O32: =K32*M32 -> 720 | P32: =((M32*K32)/N32)*100 -> 0.55623119 | Q32: =N32-O32 -> 128722.58
A33: 85 | B33: Shall-End Milling Finishing (L=8mm, d=10mm, w=10mm) (top side) | C33: 20 | D33: 1 | E33: 8 | F33: 250000 | G33: =F33/(C33*3.14) -> 3980.8917 | H33: 110 | I33: 10 | J33: =SQRT(I33*(C33-I33)) -> 10 | K33: =((E33+J33)/H33) -> 0.16363636 | L33: =K33*60 -> 9.8181818 | M33: =I33*H33*D33 -> 1100 | N33: =Q32 -> 128722.58 | O33: =K33*M33 -> 180 | P33: =((M33*K33)/N33)*100 -> 0.13983561 | Q33: =N33-O33 -> 128542.58
A34: 86 | B34: Shall-End Milling Roughing (L=42mm, d=2mm, w=14mm) (top side) | C34: 20 | D34: 2 | E34: 42 | F34: 200000 | G34: =F34/(C34*3.14) -> 3184.7134 | H34: 250 | I34: 14 | J34: =SQRT(I34*(C34-I34)) -> 9.1651514 | K34: =((E34+J34)/H34) -> 0.20466061 | L34: =K34*60 -> 12.279636 | M34: =I34*H34*D34 -> 7000 | N34: =Q33 -> 128542.58 | O34: =K34*M34 -> 1432.6242 | P34: =((M34*K34)/N34)*100 -> 1.1145134 | Q34: =N34-O34 -> 127109.95
A35: 87 | B35: Shall-End Milling Finishing (L=42mm, d=0.75mm, w=14mm) (top side) | C35: 20 | D35: 0.75 | E35: 42 | F35: 250000 | G35: =F35/(C35*3.14) -> 3980.8917 | H35: 110 | I35: 14 | J35: =SQRT(I35*(C35-I35)) -> 9.1651514 | K35: =((E35+J35)/H35) -> 0.46513774 | L35: =K35*60 -> 27.908264 | M35: =I35*H35*D35 -> 1155 | N35: =Q34 -> 127109.95 | O35: =K35*M35 -> 537.23409 | P35: =((M35*K35)/N35)*100 -> 0.42265304 | Q35: =N35-O35 -> 126572.72
A36: 88 | B36: Shall-End Milling Roughing (L=33mm, d=5mm, w=19mm) (top side) x9 | C36: 20 | D36: 5 | E36: 33 | F36: 200000 | G36: =F36/(C36*3.14) -> 3184.7134 | H36: 250 | I36: 19 | J36: =SQRT(I36*(C36-I36)) -> 4.3588989 | K36: =((E36+J36)/H36)*9 -> 1.3449204 | L36: =K36*60 -> 80.695222 | M36: =I36*H36*D36 -> 23750 | N36: =Q35 -> 126572.72 | O36: =K36*M36 -> 31941.859 | P36: =((M36*K36)/N36)*100 -> 25.235974 | Q36: =N36-O36 -> 94630.862
A37: 97 | B37: Shall-End Milling Roughing (L=33mm, d=4mm, w=19mm) (top side) | C37: 20 | D37: 4 | E37: 33 | F37: 200000 | G37: =F37/(C37*3.14) -> 3184.7134 | H37: 250 | I37: 19 | J37: =SQRT(I37*(C37-I37)) -> 4.3588989 | K37: =((E37+J37)/H37) -> 0.1494356 | L37: =K37*60 -> 8.9661357 | M37: =I37*H37*D37 -> 19000 | N37: =Q36 -> 94630.862 | O37: =K37*M37 -> 2839.2763 | P37: =((M37*K37)/N37)*100 -> 3.0003703 | Q37: =N37-O37 -> 91791.586
A38: 98 | B38: Shall-End Milling Finishing (L=33mm, d=1mm, w=19mm) (top side) | C38: 20 | D38: 1 | E38: 33 | F38: 250000 | G38: =F38/(C38*3.14) -> 3980.8917 | H38: 110 | I38: 19 | J38: =SQRT(I38*(C38-I38)) -> 4.3588989 | K38: =((E38+J38)/H38) -> 0.33962635 | L38: =K38*60 -> 20.377581 | M38: =I38*H38*D38 -> 2090 | N38: =Q37 -> 91791.586 | O38: =K38*M38 -> 709.81908 | P38: =((M38*K38)/N38)*100 -> 0.77329428 | Q38: =N38-O38 -> 91081.766
A39: 99 | B39: Shall-End Milling Roughing (L=23mm, d=5mm, w=5mm) (top side) x9 | C39: 20 | D39: 5 | E39: 23 | F39: 200000 | G39: =F39/(C39*3.14) -> 3184.7134 | H39: 250 | I39: 5 | J39: =SQRT(I39*(C39-I39)) -> 8.660254 | K39: =((E39+J39)/H39)*9 -> 1.1397691 | L39: =K39*60 -> 68.386149 | M39: =I39*H39*D39 -> 6250 | N39: =Q38 -> 91081.766 | O39: =K39*M39 -> 7123.5572 | P39: =((M39*K39)/N39)*100 -> 7.8210573 | Q39: =N39-O39 -> 83958.209
A40: 108 | B40: Shall-End Milling Roughing (L=23mm, d=4mm, w=5mm) (top side) | C40: 20 | D40: 4 | E40: 23 | F40: 200000 | G40: =F40/(C40*3.14) -> 3184.7134 | H40: 250 | I40: 5 | J40: =SQRT(I40*(C40-I40)) -> 8.660254 | K40: =((E40+J40)/H40) -> 0.12664102 | L40: =K40*60 -> 7.598461 | M40: =I40*H40*D40 -> 5000 | N40: =Q39 -> 83958.209 | O40: =K40*M40 -> 633.20508 | P40: =((M40*K40)/N40)*100 -> 0.75419079 | Q40: =N40-O40 -> 83325.004
A41: 109 | B41: Shall-End Milling Finishing (L=23mm, d=1mm, w=5mm) (top side) | C41: 20 | D41: 1 | E41: 23 | F41: 250000 | G41: =F41/(C41*3.14) -> 3980.8917 | H41: 110 | I41: 5 | J41: =SQRT(I41*(C41-I41)) -> 8.660254 | K41: =((E41+J41)/H41) -> 0.28782049 | L41: =K41*60 -> 17.269229 | M41: =I41*H41*D41 -> 550 | N41: =Q40 -> 83325.004 | O41: =K41*M41 -> 158.30127 | P41: =((M41*K41)/N41)*100 -> 0.18998051 | Q41: =N41-O41 -> 83166.703
A42: 110 | B42: Shall-End Milling Roughing (L=19mm, d=2mm, w=5mm) (top side) | C42: 20 | D42: 2 | E42: 19 | F42: 200000 | G42: =F42/(C42*3.14) -> 3184.7134 | H42: 250 | I42: 5 | J42: =SQRT(I42*(C42-I42)) -> 8.660254 | K42: =((E42+J42)/H42) -> 0.11064102 | L42: =K42*60 -> 6.638461 | M42: =I42*H42*D42 -> 2500 | N42: =Q41 -> 83166.703 | O42: =K42*M42 -> 276.60254 | P42: =((M42*K42)/N42)*100 -> 0.33258808 | Q42: =N42-O42 -> 82890.1
A43: 111 | B43: Shall-End Milling Finishing (L=19mm, d=0.75mm, w=5mm) (top side) | C43: 20 | D43: 0.75 | E43: 19 | F43: 250000 | G43: =F43/(C43*3.14) -> 3980.8917 | H43: 110 | I43: 5 | J43: =SQRT(I43*(C43-I43)) -> 8.660254 | K43: =((E43+J43)/H43) -> 0.25145685 | L43: =K43*60 -> 15.087411 | M43: =I43*H43*D43 -> 412.5 | N43: =Q42 -> 82890.1 | O43: =K43*M43 -> 103.72595 | P43: =((M43*K43)/N43)*100 -> 0.12513672 | Q43: =N43-O43 -> 82786.374
A44: 112 | B44: Shall-End Milling Roughing (L=19mm, d=2mm, w=5mm) (bottom side) | C44: 20 | D44: 2 | E44: 19 | F44: 200000 | G44: =F44/(C44*3.14) -> 3184.7134 | H44: 250 | I44: 5 | J44: =SQRT(I44*(C44-I44)) -> 8.660254 | K44: =((E44+J44)/H44) -> 0.11064102 | L44: =K44*60 -> 6.638461 | M44: =I44*H44*D44 -> 2500 | N44: =Q43 -> 82786.374 | O44: =K44*M44 -> 276.60254 | P44: =((M44*K44)/N44)*100 -> 0.33411602 | Q44: =N44-O44 -> 82509.772
A45: 113 | B45: Shall-End Milling Finishing (L=19mm, d=0.75mm, w=5mm) (bottom side) | C45: 20 | D45: 0.75 | E45: 19 | F45: 250000 | G45: =F45/(C45*3.14) -> 3980.8917 | H45: 110 | I45: 5 | J45: =SQRT(I45*(C45-I45)) -> 8.660254 | K45: =((E45+J45)/H45) -> 0.25145685 | L45: =K45*60 -> 15.087411 | M45: =I45*H45*D45 -> 412.5 | N45: =Q44 -> 82509.772 | O45: =K45*M45 -> 103.72595 | P45: =((M45*K45)/N45)*100 -> 0.12571354 | Q45: =N45-O45 -> 82406.046
A46: 114 | B46: Shall-End Milling Roughing (L=42mm, d=2mm, w=14mm) (bottom side) | C46: 20 | D46: 2 | E46: 42 | F46: 200000 | G46: =F46/(C46*3.14) -> 3184.7134 | H46: 250 | I46: 14 | J46: =SQRT(I46*(C46-I46)) -> 9.1651514 | K46: =((E46+J46)/H46) -> 0.20466061 | L46: =K46*60 -> 12.279636 | M46: =I46*H46*D46 -> 7000 | N46: =Q45 -> 82406.046 | O46: =K46*M46 -> 1432.6242 | P46: =((M46*K46)/N46)*100 -> 1.7384941 | Q46: =N46-O46 -> 80973.422
A47: 115 | B47: Shall-End Milling Finishing (L=42mm, d=0.75mm, w=14mm) (bottom side) | C47: 20 | D47: 0.75 | E47: 42 | F47: 250000 | G47: =F47/(C47*3.14) -> 3980.8917 | H47: 110 | I47: 14 | J47: =SQRT(I47*(C47-I47)) -> 9.1651514 | K47: =((E47+J47)/H47) -> 0.46513774 | L47: =K47*60 -> 27.908264 | M47: =I47*H47*D47 -> 1155 | N47: =Q46 -> 80973.422 | O47: =K47*M47 -> 537.23409 | P47: =((M47*K47)/N47)*100 -> 0.66346966 | Q47: =N47-O47 -> 80436.188
A48: 116 | B48: Shall-End Milling Roughing (L=67mm, d=2mm, w=10mm) (bottom side) | C48: 20 | D48: 2 | E48: 67 | F48: 200000 | G48: =F48/(C48*3.14) -> 3184.7134 | H48: 250 | I48: 10 | J48: =SQRT(I48*(C48-I48)) -> 10 | K48: =((E48+J48)/H48) -> 0.308 | L48: =K48*60 -> 18.48 | M48: =I48*H48*D48 -> 5000 | N48: =Q47 -> 80436.188 | O48: =K48*M48 -> 1540 | P48: =((M48*K48)/N48)*100 -> 1.9145612 | Q48: =N48-O48 -> 78896.188
A49: 117 | B49: Shall-End Milling Finishing (L=67mm, d=0.75mm, w=10mm) (bottom side) | C49: 20 | D49: 0.75 | E49: 67 | F49: 250000 | G49: =F49/(C49*3.14) -> 3980.8917 | H49: 110 | I49: 10 | J49: =SQRT(I49*(C49-I49)) -> 10 | K49: =((E49+J49)/H49) -> 0.7 | L49: =K49*60 -> 42 | M49: =I49*H49*D49 -> 825 | N49: =Q48 -> 78896.188 | O49: =K49*M49 -> 577.5 | P49: =((M49*K49)/N49)*100 -> 0.73197453 | Q49: =N49-O49 -> 78318.688
A50: 118 | B50: Shall-End Milling Roughing (L=68,8mm, d=2mm, w=4mm) (bottom side) | C50: 20 | D50: 2 | E50: 68.8 | F50: 200000 | G50: =F50/(C50*3.14) -> 3184.7134 | H50: 250 | I50: 4 | J50: =SQRT(I50*(C50-I50)) -> 8 | K50: =((E50+J50)/H50) -> 0.3072 | L50: =K50*60 -> 18.432 | M50: =I50*H50*D50 -> 2000 | N50: =Q49 -> 78318.688 | O50: =K50*M50 -> 614.4 | P50: =((M50*K50)/N50)*100 -> 0.7844871 | Q50: =N50-O50 -> 77704.288
A51: 119 | B51: Shall-End Milling Finishing (L=68,8mm, d=0,75mm, w=4mm) (bottom side) | C51: 20 | D51: 0.75 | E51: 68.8 | F51: 250000 | G51: =F51/(C51*3.14) -> 3980.8917 | H51: 110 | I51: 4 | J51: =SQRT(I51*(C51-I51)) -> 8 | K51: =((E51+J51)/H51) -> 0.69818182 | L51: =K51*60 -> 41.890909 | M51: =I51*H51*D51 -> 330 | N51: =Q50 -> 77704.288 | O51: =K51*M51 -> 230.4 | P51: =((M51*K51)/N51)*100 -> 0.29650873 | Q51: =N51-O51 -> 77473.888
A52: 120 | B52: Shall-End Milling Roughing (L=42mm, d=3mm, w=20mm) (bottom side) x2 | C52: 20 | D52: 3 | E52: 42 | F52: 200000 | G52: =F52/(C52*3.14) -> 3184.7134 | H52: 250 | I52: 20 | J52: =C52/2 -> 10 | K52: =((E52+J52)/H52)*2 -> 0.416 | L52: =K52*60 -> 24.96 | M52: =I52*H52*D52 -> 15000 | N52: =Q51 -> 77473.888 | O52: =K52*M52 -> 6240 | P52: =((M52*K52)/N52)*100 -> 8.0543267 | Q52: =N52-O52 -> 71233.888
A53: 122 | B53: Shall-End Milling Finishing (L=42mm, d=1mm, w=4,8mm) (bottom side) | C53: 20 | D53: 1 | E53: 42 | F53: 250000 | G53: =F53/(C53*3.14) -> 3980.8917 | H53: 110 | I53: 4.8 | J53: =SQRT(I53*(C53-I53)) -> 8.5416626 | K53: =((E53+J53)/H53) -> 0.45946966 | L53: =K53*60 -> 27.56818 | M53: =I53*H53*D53 -> 528 | N53: =Q52 -> 71233.888 | O53: =K53*M53 -> 242.59998 | P53: =((M53*K53)/N53)*100 -> 0.34056822 | Q53: =N53-O53 -> 70991.288
A54: 123 | B54: Shall-End Milling Roughing (L=34,54mm, d=5mm, w=2,5mm) (bottom side) x9 | C54: 20 | D54: 5 | E54: 34.54 | F54: 200000 | G54: =F54/(C54*3.14) -> 3184.7134 | H54: 250 | I54: 2.5 | J54: =SQRT(I54*(C54-I54)) -> 6.6143783 | K54: =((E54+J54)/H54)*9 -> 1.4815576 | L54: =K54*60 -> 88.893457 | M54: =I54*H54*D54 -> 3125 | N54: =Q53 -> 70991.288 | O54: =K54*M54 -> 4629.8676 | P54: =((M54*K54)/N54)*100 -> 6.5217405 | Q54: =N54-O54 -> 66361.42
A55: 132 | B55: Shall-End Milling Roughing (L=34,54mm, d=4mm, w=2,5mm) (bottom side) | C55: 20 | D55: 4 | E55: 34.54 | F55: 200000 | G55: =F55/(C55*3.14) -> 3184.7134 | H55: 250 | I55: 2.5 | J55: =SQRT(I55*(C55-I55)) -> 6.6143783 | K55: =((E55+J55)/H55) -> 0.16461751 | L55: =K55*60 -> 9.8770508 | M55: =I55*H55*D55 -> 2500 | N55: =Q54 -> 66361.42 | O55: =K55*M55 -> 411.54378 | P55: =((M55*K55)/N55)*100 -> 0.62015518 | Q55: =N55-O55 -> 65949.876
A56: 133 | B56: Shall-End Milling Finishing (L=34,54mm, d=1mm, w=2,5mm) (bottom side) | C56: 20 | D56: 1 | E56: 34.54 | F56: 250000 | G56: =F56/(C56*3.14) -> 3980.8917 | H56: 110 | I56: 2.5 | J56: =SQRT(I56*(C56-I56)) -> 6.6143783 | K56: =((E56+J56)/H56) -> 0.37413071 | L56: =K56*60 -> 22.447843 | M56: =I56*H56*D56 -> 275 | N56: =Q55 -> 65949.876 | O56: =K56*M56 -> 102.88595 | P56: =((M56*K56)/N56)*100 -> 0.15600628 | Q56: =N56-O56 -> 65846.99
A57: 136 | B57: Shall-End Milling Roughing (L=31,4mm, d=5mm, w=1,5mm) (bottom side) x2 | C57: 20 | D57: 5 | E57: 31.4 | F57: 200000 | G57: =F57/(C57*3.14) -> 3184.7134 | H57: 250 | I57: 1.5 | J57: =SQRT(I57*(C57-I57)) -> 5.2678269 | K57: =((E57+J57)/H57)*2 -> 0.29334262 | L57: =K57*60 -> 17.600557 | M57: =I57*H57*D57 -> 1875 | N57: =Q56 -> 65846.99 | O57: =K57*M57 -> 550.0174 | P57: =((M57*K57)/N57)*100 -> 0.83529619 | Q57: =N57-O57 -> 65296.973
A58: 138 | B58: Shall-End Milling Roughing (L=31,4mm, d=4mm, w=1,5mm) (bottom side) | C58: 20 | D58: 4 | E58: 31.4 | F58: 200000 | G58: =F58/(C58*3.14) -> 3184.7134 | H58: 250 | I58: 1.5 | J58: =SQRT(I58*(C58-I58)) -> 5.2678269 | K58: =((E58+J58)/H58) -> 0.14667131 | L58: =K58*60 -> 8.8002785 | M58: =I58*H58*D58 -> 1500 | N58: =Q57 -> 65296.973 | O58: =K58*M58 -> 220.00696 | P58: =((M58*K58)/N58)*100 -> 0.33693286 | Q58: =N58-O58 -> 65076.966
A59: 139 | B59: Shall-End Milling Finishing (L=31,4mm, d=1mm, w=1,5mm) (bottom side) | C59: 20 | D59: 1 | E59: 31.4 | F59: 250000 | G59: =F59/(C59*3.14) -> 3980.8917 | H59: 110 | I59: 1.5 | J59: =SQRT(I59*(C59-I59)) -> 5.2678269 | K59: =((E59+J59)/H59) -> 0.33334388 | L59: =K59*60 -> 20.000633 | M59: =I59*H59*D59 -> 165 | N59: =Q58 -> 65076.966 | O59: =K59*M59 -> 55.00174 | P59: =((M59*K59)/N59)*100 -> 0.084517985 | Q59: =N59-O59 -> 65021.964
A62: TURNING
A63: No. Proses | B63: Nama Proses | C63: Do (mm) | D63: Df (mm) | E63: d (mm) | F63: d maks (mm) | G63: L (mm) | H63: f (mm/rev) | I63: v (mm/min) | J63: N (rev/min) | K63: fr (mm/min) | L63: Tm (min) | M63: Tm (sekon) | N63: MRR (mm3/min) | O63: Volume Awal (mm3) | P63: Scrap | Q63: % Scrap | R63: Volume Akhir (mm3) | U63: PUNCHING/BLANKING
A68: DRILLING (TERMASUK TAPPING DAN BORING)
A69: No. Proses | B69: Nama Proses | C69: D (mm) | D69: d (mm) | E69: f (mm/rev) | F69: v(mm/min) | G69: N (rev/min) | H69: fr (mm/min) | I69: Tm (min) | J69: Tm (sekon) | K69: MRR (mm3/min) | L69: Volume Awal (mm3) | M69: Scrap | N69: % Scrap | O69: Volume Akhir (mm3)
A70: 134 | B70: Drilling (D=8,5mm, d=65mm) (bottom side) | C70: 8.5 | D70: 65 | E70: =8.5/10*0.2 -> 0.17 | F70: 20000 | G70: =F70/(3.14*C70) -> 749.34432 | H70: =E70*G70 -> 127.38854 | I70: =D70/H70 -> 0.51025 | J70: =I70*60 -> 30.615 | K70: =(3.14*C70*C70*H70)/4 -> 7225 | L70: =Q59 -> 65021.964 | M70: =I70*K70 -> 3686.5563 | N70: =((I70*K70)/L70)*100 -> 5.6697091 | O70: =L70-M70 -> 61335.408
A71: 135 | B71: Drilling (D=8,5mm, d=15mm) (front side) | C71: 8.5 | D71: 15 | E71: =8.5/10*0.2 -> 0.17 | F71: 20000 | G71: =F71/(3.14*C71) -> 749.34432 | H71: =E71*G71 -> 127.38854 | I71: =D71/H71 -> 0.11775 | J71: =I71*60 -> 7.065 | K71: =(3.14*C71*C71*H71)/4 -> 7225 | L71: =O70 -> 61335.408 | M71: =I71*K71 -> 850.74375 | N71: =((I71*K71)/L71)*100 -> 1.3870353 | O71: =L71-M71 -> 60484.664
A74: PRESSING (BLANKING, PUNCHING, EMBOSS, DEBOSS)
A75: No. Proses | B75: Nama Proses | C75: TS(MPa) | D75: t (mm) | E75: L (mm) | F75: Volume Awal (mm3) | G75: SPM | H75: Tm (min) | I75: Tm (s) | J75: Scrap | K75: %Scrap | L75: Volume Akhir (mm3)
A80: PRESSING (BENDING)
A81: No. Proses | B81: Nama Proses | C81: Kbf | D81: w (mm) | E81: TS (Mpa) | F81: t (mm) | G81: D (mm) | H81: F (N) | I81: SPM | J81: Tm (min) | K81: Tm (s) | L81: Scrap (mm3)
A85: CUTTING (TERMASUK CHAMFERING LINEAR)
A86: No. Proses | B86: Nama Proses | C86: A (mm) | D86: t (mm) | E86: θ | F86: Volume Awal | G86: Scrap | H86: % Scrap | I86: Volume Akhir (mm3)
A91: LANGKAH MEMBACA REFERENSI KALPAKJIAN - MILLING
A94: 1. Operasi yang ingin digunakan?
A96: 2. Untuk operasi tersebut, perhatikan diameter tools (maximum width of cut) yang digunakan -> untuk pengulangan proses
A98: 3. Proses roughing atau finishing? Ingat semua milling harus ada proses finishing (kecuali dinyatakan sebaliknya).
A100: 4. Untuk operasi tersebut, perhatikan maksimum depth of cut -> untuk pengulangan proses
A102: 5. Material apa yang digunakan? Untuk stainless steel, gunakan 'Carbon steel up to 63 kgf/mm2'
A104: 6. Lihat cutting speed dan feed rate yang direkomendasikan.
A130: LANGKAH MEMBACA REFERENSI KALPAKJIAN - DRILLING
A132: 1. Berapa diameter drilling yang diinginkan?
A134: 2. Material apa yang digunakan?
A136: 3. Lihat cutting speed dan feed yang direkomendasikan (feed, bukan feed rate)
A137: (cutting speed > feed)
... A174: 4. Lihat cutting speed yang direkomendasikan

Sheet LRP Tilt
A1: LEMBAR RENCANA PROSES | K1: GAMBAR PART
A3: No . | B3: 11 | E3: Halaman ke- | F3: 1
A4: No . Part | B4: 11 | E4: File Gambar | F4: Tripod-R-11-Tilt
A5: Nama Part | B5: Tilt | E5: Material | F5: ABS (Acrylonitrile Butadiene Styrene)
E6: Ukuran | F6: Volume | G6: 88032.63 | I6: mm^3
A7: Dibuat oleh | B7: Asisten PPST IV | F7: Mass | G7: 89.79 | I7: g
A8: Tanggal | B8: 3 Maret 2026
A10: No. Proses | B10: Urutan Operasi | C10: Stasiun Kerja | D10: Setup | F10: Tools | G10: Waktu Setup (detik) | H10: Waktu Proses (detik) | I10: Waktu Total (detik)
D11: n | E11: alat bantu
A12: 1 | B12: Pengukuran | C12: Kerja Bangku | F12: Jangka Sorong | G12: 0 | H12: 0 | I12: =G12+H12 -> 0
A13: 2 | B13: Injection Molding | C13: Mesin Injection Molding | D13: 1 | E13: Clamping Unit | F13: Mold | G13: 180 | H13: ='Perhitungan LRP Tilt'!N40 -> 550.09761 | I13: =G13+H13 -> 730.09761
A14: 3 | B14: Inspeksi | C14: Kerja Bangku | F14: Jangka Sorong | G14: 0 | H14: ='Perhitungan LRP Pivot'!L60 -> 0 | I14: =G14+H14 -> 0
H15: Total | I15: =SUM(I12:I14) -> 730.09761

Sheet Perhitungan LRP Tilt
A1: PERHITUNGAN LEMBAR RENCANA PROSES | T1: DRILLING | AE1: TURNING
A5: MILLING
A6: No. Proses | B6: Nama Proses | C6: D (mm) | D6: d (mm) | E6: L (mm) | F6: v (mm/min) | G6: N (rev/min) | H6: fr (mm/min) | I6: w (mm) | J6: A (mm) | K6: Tm (min) | L6: Tm (sekon) | M6: MRR (mm3/min) | N6: Volume Awal (mm3) | O6: Scrap | P6: %Scrap | Q6: Volume Akhir (mm3)
A11: TURNING
A12: No. Proses | B12: Nama Proses | C12: Do (mm) | D12: Df (mm) | E12: d (mm) | F12: d maks (mm) | G12: L (mm) | H12: f (mm/rev) | I12: v (mm/min) | J12: N (rev/min) | K12: fr (mm/min) | L12: Tm (min) | M12: Tm (sekon) | N12: MRR (mm3/min) | O12: Volume Awal (mm3) | P12: Scrap | Q12: % Scrap | R12: Volume Akhir (mm3)
A17: DRILLING (TERMASUK TAPPING DAN BORING)
A18: No. Proses | B18: Nama Proses | C18: D (mm) | D18: d (mm) | E18: f (mm/rev) | F18: v(mm/min) | G18: N (rev/min) | H18: fr (mm/min) | I18: Tm (min) | J18: Tm (sekon) | K18: MRR (mm3/min) | L18: Volume Awal (mm3) | M18: Scrap | N18: % Scrap | O18: Volume Akhir (mm3)
A23: PRESSING (BLANKING, PUNCHING, EMBOSS, DEBOSS)
A24: No. Proses | B24: Nama Proses | C24: TS(MPa) | D24: t (mm) | E24: L (mm) | F24: Volume Awal (mm3) | G24: SPM | H24: Tm (min) | I24: Tm (s) | J24: Scrap | K24: %Scrap | L24: Volume Akhir (mm3)
T25: MILLING | AE25: BENDING
A29: PRESSING (BENDING)
A30: No. Proses | B30: Nama Proses | C30: Kbf | D30: w (mm) | E30: TS (Mpa) | F30: t (mm) | G30: D (mm) | H30: F (N) | I30: SPM | J30: Tm (min) | K30: Tm (s) | L30: Scrap (mm3)
A34: CUTTING (TERMASUK CHAMFERING LINEAR)
A35: No. Proses | B35: Nama Proses | C35: A (mm) | D35: t (mm) | E35: θ | F35: Volume Awal | G35: Scrap | H35: % Scrap | I35: Volume Akhir (mm3)
A38: INJECTION MOLDING
A39: No. Proses | B39: Nama Proses | C39: Vprod (m^3) | D39: Vs (m^3) | E39: P (W) | F39: p (N/m^2) | G39: hmax (mm) | H39: alpha | I39: Ti | J39: Tx | K39: Tm | L39: tc | M39: tf | N39: Total Cycle Time (s) | O39: Scrap | P39: %Scrap | Q39: Volume Akhir (mm3)
A40: 2 | B40: Injection Molding | C40: =88032.63/10^9 -> 8.803263e-05 | D40: =C40+P40*C40 -> 9.2434262e-05 | E40: 22000 | F40: =100*1000000 -> 100000000 | G40: 10 | H40: 0.058 | I40: 170 | J40: 50 | K40: 25 | L40: =(G40*G40)/(PI()*PI()*H40)*LN(4*(I40-K40)/(J40-K40)) -> 549.25729 | M40: =2*D40*F40/E40*1 -> 0.84031147 | N40: =SUM(L40:M40) -> 550.09761 | O40: =D40*P40 -> 4.6217131e-06 | P40: 0.05 | Q40: =D40+D40*P40 -> 9.7055975e-05
E43: =0.000033720561*10^9 -> 33720.561
A45: LANGKAH MEMBACA REFERENSI KALPAKJIAN - MILLING
A48: 1. Operasi yang ingin digunakan?
A50: 2. Untuk operasi tersebut, perhatikan diameter tools (maximum width of cut) yang digunakan -> untuk pengulangan proses
A52: 3. Proses roughing atau finishing? Ingat semua milling harus ada proses finishing (kecuali dinyatakan sebaliknya).
A54: 4. Untuk operasi tersebut, perhatikan maksimum depth of cut -> untuk pengulangan proses
A56: 5. Material apa yang digunakan? Untuk stainless steel, gunakan 'Carbon steel up to 63 kgf/mm2'
A58: 6. Lihat cutting speed dan feed rate yang direkomendasikan.
U67: PUNCHING/BLANKING
A84: LANGKAH MEMBACA REFERENSI KALPAKJIAN - DRILLING
A86: 1. Berapa diameter drilling yang diinginkan?
A88: 2. Material apa yang digunakan?
A90: 3. Lihat cutting speed dan feed yang direkomendasikan (feed, bukan feed rate)
A91: (cutting speed > feed)
A93: 4. Gunakan interpolasi apabila diperlukan (misal: ketika diameter drill 8 mm)
A95: 5. Lihat cooling/lubricant agents yang direkomendasikan bila diperlukan
A121: LANGKAH MEMBACA REFERENSI KALPAKJIAN - TURNING
A122: 1. Berapa feed yang ingin digunakan? (Pertimbangkan trade off-nya)
A124: 2. Material apa yang digunakan?
A126: 3. Cutting tool apa yang digunakan? (Pertimbangkan trade off HSS dan TCT)
A128: 4. Lihat cutting speed yang direkomendasikan
